model,persona,role,rank,word,weight
cvae_P6_L1e-06,0,agent,1,said,1.437550663948059
cvae_P6_L1e-06,0,agent,2,had,0.9435717463493347
cvae_P6_L1e-06,0,agent,3,looked,0.9207194447517395
cvae_P6_L1e-06,0,agent,4,asked,0.8506414294242859
cvae_P6_L1e-06,0,agent,5,know,0.8226048946380615
cvae_P6_L1e-06,0,agent,6,felt,0.7805114388465881
cvae_P6_L1e-06,0,agent,7,thought,0.7637304067611694
cvae_P6_L1e-06,0,agent,8,have,0.7556367516517639
cvae_P6_L1e-06,0,agent,9,saw,0.7249888181686401
cvae_P6_L1e-06,0,agent,10,want,0.7034603953361511
cvae_P6_L1e-06,0,agent,11,wanted,0.6701837778091431
cvae_P6_L1e-06,0,agent,12,see,0.6130556464195251
cvae_P6_L1e-06,0,agent,13,sat,0.6093887686729431
cvae_P6_L1e-06,0,agent,14,came,0.5966196060180664
cvae_P6_L1e-06,0,agent,15,think,0.5920706391334534
cvae_P6_L1e-06,0,agent,16,say,0.5876832008361816
cvae_P6_L1e-06,0,agent,17,go,0.5505545139312744
cvae_P6_L1e-06,0,agent,18,feel,0.5380781292915344
cvae_P6_L1e-06,0,agent,19,put,0.528831422328949
cvae_P6_L1e-06,0,agent,20,left,0.5253889560699463
cvae_P6_L1e-06,0,agent,21,going,0.5163591504096985
cvae_P6_L1e-06,0,agent,22,do,0.5116390585899353
cvae_P6_L1e-06,0,agent,23,got,0.4819865822792053
cvae_P6_L1e-06,0,agent,24,stood,0.47687461972236633
cvae_P6_L1e-06,0,agent,25,come,0.4762522280216217
cvae_P6_L1e-06,0,agent,26,tell,0.4733106195926666
cvae_P6_L1e-06,0,agent,27,get,0.4462907612323761
cvae_P6_L1e-06,0,agent,28,look,0.41764071583747864
cvae_P6_L1e-06,0,agent,29,let,0.41584768891334534
cvae_P6_L1e-06,0,agent,30,like,0.40328752994537354
cvae_P6_L1e-06,0,agent,31,take,0.39908817410469055
cvae_P6_L1e-06,0,agent,32,remember,0.38614848256111145
cvae_P6_L1e-06,0,agent,33,need,0.366436630487442
cvae_P6_L1e-06,0,agent,34,understand,0.3616098165512085
cvae_P6_L1e-06,0,agent,35,hear,0.3554087281227112
cvae_P6_L1e-06,0,agent,36,read,0.3253461420536041
cvae_P6_L1e-06,0,agent,37,make,0.32232406735420227
cvae_P6_L1e-06,0,agent,38,spoke,0.303180068731308
cvae_P6_L1e-06,0,agent,39,ask,0.28394654393196106
cvae_P6_L1e-06,0,agent,40,help,0.26476719975471497
cvae_P6_L1e-06,0,agent,41,lay,0.25367048382759094
cvae_P6_L1e-06,0,agent,42,mean,0.2522878050804138
cvae_P6_L1e-06,0,agent,43,try,0.2507736384868622
cvae_P6_L1e-06,0,agent,44,find,0.2371501326560974
cvae_P6_L1e-06,0,agent,45,become,0.23074176907539368
cvae_P6_L1e-06,0,agent,46,believe,0.22839628159999847
cvae_P6_L1e-06,0,agent,47,answer,0.21929770708084106
cvae_P6_L1e-06,0,agent,48,stop,0.21561717987060547
cvae_P6_L1e-06,0,agent,49,love,0.2091301679611206
cvae_P6_L1e-06,0,agent,50,sitting,0.20855917036533356
cvae_P6_L1e-06,0,patient,1,tell,1.0126858949661255
cvae_P6_L1e-06,0,patient,2,see,0.9196027517318726
cvae_P6_L1e-06,0,patient,3,asked,0.8334198594093323
cvae_P6_L1e-06,0,patient,4,take,0.7121457457542419
cvae_P6_L1e-06,0,patient,5,saw,0.682714581489563
cvae_P6_L1e-06,0,patient,6,help,0.6637428998947144
cvae_P6_L1e-06,0,patient,7,ask,0.6443333625793457
cvae_P6_L1e-06,0,patient,8,thank,0.5832725167274475
cvae_P6_L1e-06,0,patient,9,know,0.5828156471252441
cvae_P6_L1e-06,0,patient,10,find,0.5799900889396667
cvae_P6_L1e-06,0,patient,11,love,0.5773897171020508
cvae_P6_L1e-06,0,patient,12,left,0.5737912654876709
cvae_P6_L1e-06,0,patient,13,put,0.5606977939605713
cvae_P6_L1e-06,0,patient,14,keep,0.541789174079895
cvae_P6_L1e-06,0,patient,15,get,0.5292107462882996
cvae_P6_L1e-06,0,patient,16,call,0.4948204755783081
cvae_P6_L1e-06,0,patient,17,watching,0.44908571243286133
cvae_P6_L1e-06,0,patient,18,gone,0.42476046085357666
cvae_P6_L1e-06,0,patient,19,married,0.4023343622684479
cvae_P6_L1e-06,0,patient,20,leave,0.3851248323917389
cvae_P6_L1e-06,0,patient,21,bring,0.37586018443107605
cvae_P6_L1e-06,0,patient,22,hurt,0.3711094260215759
cvae_P6_L1e-06,0,patient,23,meet,0.36964407563209534
cvae_P6_L1e-06,0,patient,24,asking,0.31539732217788696
cvae_P6_L1e-06,0,patient,25,remind,0.2972538471221924
cvae_P6_L1e-06,0,patient,26,stop,0.2926742434501648
cvae_P6_L1e-06,0,patient,27,visit,0.2924549877643585
cvae_P6_L1e-06,0,patient,28,leaving,0.27961409091949463
cvae_P6_L1e-06,0,patient,29,kill,0.27246013283729553
cvae_P6_L1e-06,0,patient,30,believe,0.2613939642906189
cvae_P6_L1e-06,0,patient,31,kiss,0.26127272844314575
cvae_P6_L1e-06,0,patient,32,join,0.24555237591266632
cvae_P6_L1e-06,0,patient,33,let,0.23479387164115906
cvae_P6_L1e-06,0,patient,34,protect,0.23093712329864502
cvae_P6_L1e-06,0,patient,35,touch,0.22379153966903687
cvae_P6_L1e-06,0,patient,36,force,0.22221596539020538
cvae_P6_L1e-06,0,patient,37,hold,0.21249274909496307
cvae_P6_L1e-06,0,patient,38,give,0.21003694832324982
cvae_P6_L1e-06,0,patient,39,show,0.2045082300901413
cvae_P6_L1e-06,0,patient,40,forgive,0.19690997898578644
cvae_P6_L1e-06,0,patient,41,send,0.19533950090408325
cvae_P6_L1e-06,0,patient,42,pull,0.19013908505439758
cvae_P6_L1e-06,0,patient,43,distract,0.17580431699752808
cvae_P6_L1e-06,0,patient,44,remember,0.16978967189788818
cvae_P6_L1e-06,0,patient,45,teach,0.16854675114154816
cvae_P6_L1e-06,0,patient,46,got,0.16154983639717102
cvae_P6_L1e-06,0,patient,47,hear,0.15917448699474335
cvae_P6_L1e-06,0,patient,48,approach,0.1583978831768036
cvae_P6_L1e-06,0,patient,49,watch,0.15100976824760437
cvae_P6_L1e-06,0,patient,50,want,0.14774014055728912
cvae_P6_L1e-06,0,possessive,1,head,1.074620246887207
cvae_P6_L1e-06,0,possessive,2,mother,1.0678561925888062
cvae_P6_L1e-06,0,possessive,3,face,1.0303763151168823
cvae_P6_L1e-06,0,possessive,4,hand,0.9630280137062073
cvae_P6_L1e-06,0,possessive,5,husband,0.8426937460899353
cvae_P6_L1e-06,0,possessive,6,hair,0.8321363925933838
cvae_P6_L1e-06,0,possessive,7,father,0.8320252299308777
cvae_P6_L1e-06,0,possessive,8,voice,0.8199663162231445
cvae_P6_L1e-06,0,possessive,9,life,0.811973512172699
cvae_P6_L1e-06,0,possessive,10,sister,0.7713153958320618
cvae_P6_L1e-06,0,possessive,11,room,0.7489305138587952
cvae_P6_L1e-06,0,possessive,12,body,0.7304561138153076
cvae_P6_L1e-06,0,possessive,13,mind,0.6823341250419617
cvae_P6_L1e-06,0,possessive,14,mouth,0.6818426847457886
cvae_P6_L1e-06,0,possessive,15,daughter,0.6724104285240173
cvae_P6_L1e-06,0,possessive,16,family,0.5988950133323669
cvae_P6_L1e-06,0,possessive,17,aunt,0.5786892771720886
cvae_P6_L1e-06,0,possessive,18,heart,0.5743297338485718
cvae_P6_L1e-06,0,possessive,19,arm,0.5607821345329285
cvae_P6_L1e-06,0,possessive,20,way,0.5530805587768555
cvae_P6_L1e-06,0,possessive,21,death,0.5517453551292419
cvae_P6_L1e-06,0,possessive,22,skin,0.5429767966270447
cvae_P6_L1e-06,0,possessive,23,son,0.5404185056686401
cvae_P6_L1e-06,0,possessive,24,brother,0.5369265675544739
cvae_P6_L1e-06,0,possessive,25,name,0.5278181433677673
cvae_P6_L1e-06,0,possessive,26,shoulder,0.526928186416626
cvae_P6_L1e-06,0,possessive,27,own,0.49380481243133545
cvae_P6_L1e-06,0,possessive,28,bed,0.481891393661499
cvae_P6_L1e-06,0,possessive,29,uncle,0.47170183062553406
cvae_P6_L1e-06,0,possessive,30,neck,0.4694250524044037
cvae_P6_L1e-06,0,possessive,31,throat,0.4628852605819702
cvae_P6_L1e-06,0,possessive,32,grandmother,0.4595576226711273
cvae_P6_L1e-06,0,possessive,33,mom,0.4530171751976013
cvae_P6_L1e-06,0,possessive,34,back,0.45172736048698425
cvae_P6_L1e-06,0,possessive,35,friend,0.447793573141098
cvae_P6_L1e-06,0,possessive,36,chest,0.4388861656188965
cvae_P6_L1e-06,0,possessive,37,phone,0.43467089533805847
cvae_P6_L1e-06,0,possessive,38,gaze,0.4224218726158142
cvae_P6_L1e-06,0,possessive,39,cheek,0.4165799021720886
cvae_P6_L1e-06,0,possessive,40,apartment,0.40838295221328735
cvae_P6_L1e-06,0,possessive,41,home,0.39583638310432434
cvae_P6_L1e-06,0,possessive,42,side,0.39098480343818665
cvae_P6_L1e-06,0,possessive,43,dress,0.3823077082633972
cvae_P6_L1e-06,0,possessive,44,stomach,0.36779820919036865
cvae_P6_L1e-06,0,possessive,45,chair,0.3653682768344879
cvae_P6_L1e-06,0,possessive,46,nose,0.357549250125885
cvae_P6_L1e-06,0,possessive,47,house,0.3529871702194214
cvae_P6_L1e-06,0,possessive,48,dad,0.35068896412849426
cvae_P6_L1e-06,0,possessive,49,breath,0.3291240334510803
cvae_P6_L1e-06,0,possessive,50,work,0.3238365054130554
cvae_P6_L1e-06,0,predicative,1,sure,0.7998281717300415
cvae_P6_L1e-06,0,predicative,2,sorry,0.6422392129898071
cvae_P6_L1e-06,0,predicative,3,right,0.6266545057296753
cvae_P6_L1e-06,0,predicative,4,afraid,0.6071929335594177
cvae_P6_L1e-06,0,predicative,5,girl,0.6054520606994629
cvae_P6_L1e-06,0,predicative,6,happy,0.5820683240890503
cvae_P6_L1e-06,0,predicative,7,old,0.4942130744457245
cvae_P6_L1e-06,0,predicative,8,good,0.4654654562473297
cvae_P6_L1e-06,0,predicative,9,tired,0.4650622308254242
cvae_P6_L1e-06,0,predicative,10,busy,0.4409758746623993
cvae_P6_L1e-06,0,predicative,11,ready,0.44007572531700134
cvae_P6_L1e-06,0,predicative,12,beautiful,0.42240554094314575
cvae_P6_L1e-06,0,predicative,13,aware,0.4176982343196869
cvae_P6_L1e-06,0,predicative,14,woman,0.416265070438385
cvae_P6_L1e-06,0,predicative,15,child,0.3877941370010376
cvae_P6_L1e-06,0,predicative,16,person,0.3525080382823944
cvae_P6_L1e-06,0,predicative,17,pregnant,0.33481648564338684
cvae_P6_L1e-06,0,predicative,18,angry,0.3183715045452118
cvae_P6_L1e-06,0,predicative,19,mother,0.31084027886390686
cvae_P6_L1e-06,0,predicative,20,dead,0.30763328075408936
cvae_P6_L1e-06,0,predicative,21,fine,0.2882276475429535
cvae_P6_L1e-06,0,predicative,22,lucky,0.2788776159286499
cvae_P6_L1e-06,0,predicative,23,asleep,0.27384305000305176
cvae_P6_L1e-06,0,predicative,24,sick,0.26782742142677307
cvae_P6_L1e-06,0,predicative,25,alone,0.2576296925544739
cvae_P6_L1e-06,0,predicative,26,sister,0.2572260797023773
cvae_P6_L1e-06,0,predicative,27,man,0.2519770562648773
cvae_P6_L1e-06,0,predicative,28,daughter,0.2391226440668106
cvae_P6_L1e-06,0,predicative,29,friend,0.2089388221502304
cvae_P6_L1e-06,0,predicative,30,nervous,0.19983895123004913
cvae_P6_L1e-06,0,predicative,31,close,0.18744665384292603
cvae_P6_L1e-06,0,predicative,32,scared,0.17011652886867523
cvae_P6_L1e-06,0,predicative,33,frightened,0.1574832946062088
cvae_P6_L1e-06,0,predicative,34,hungry,0.15201374888420105
cvae_P6_L1e-06,0,predicative,35,free,0.14650917053222656
cvae_P6_L1e-06,0,predicative,36,part,0.1438153237104416
cvae_P6_L1e-06,0,predicative,37,ill,0.13885517418384552
cvae_P6_L1e-06,0,predicative,38,proud,0.11186610907316208
cvae_P6_L1e-06,0,predicative,39,interested,0.11128988862037659
cvae_P6_L1e-06,0,predicative,40,wife,0.10816965252161026
cvae_P6_L1e-06,0,predicative,41,determined,0.09457593411207199
cvae_P6_L1e-06,0,predicative,42,stupid,0.09213725477457047
cvae_P6_L1e-06,0,predicative,43,concerned,0.08323803544044495
cvae_P6_L1e-06,0,predicative,44,mistress,0.08235786855220795
cvae_P6_L1e-06,0,predicative,45,awake,0.07800818234682083
cvae_P6_L1e-06,0,predicative,46,anxious,0.07502073794603348
cvae_P6_L1e-06,0,predicative,47,upset,0.0716245099902153
cvae_P6_L1e-06,0,predicative,48,wrong,0.06998028606176376
cvae_P6_L1e-06,0,predicative,49,careful,0.06183576583862305
cvae_P6_L1e-06,0,predicative,50,ashamed,0.050963547080755234
cvae_P6_L1e-06,1,agent,1,said,1.4553581476211548
cvae_P6_L1e-06,1,agent,2,had,1.0005768537521362
cvae_P6_L1e-06,1,agent,3,looked,0.9444435834884644
cvae_P6_L1e-06,1,agent,4,asked,0.8854266405105591
cvae_P6_L1e-06,1,agent,5,know,0.8792224526405334
cvae_P6_L1e-06,1,agent,6,felt,0.8356956243515015
cvae_P6_L1e-06,1,agent,7,have,0.8312484622001648
cvae_P6_L1e-06,1,agent,8,want,0.8092830181121826
cvae_P6_L1e-06,1,agent,9,thought,0.8090192079544067
cvae_P6_L1e-06,1,agent,10,saw,0.8051235675811768
cvae_P6_L1e-06,1,agent,11,see,0.7840120196342468
cvae_P6_L1e-06,1,agent,12,wanted,0.7787061333656311
cvae_P6_L1e-06,1,agent,13,sat,0.669248640537262
cvae_P6_L1e-06,1,agent,14,think,0.663589596748352
cvae_P6_L1e-06,1,agent,15,say,0.6286797523498535
cvae_P6_L1e-06,1,agent,16,do,0.6169156432151794
cvae_P6_L1e-06,1,agent,17,feel,0.6162779331207275
cvae_P6_L1e-06,1,agent,18,came,0.6059060096740723
cvae_P6_L1e-06,1,agent,19,go,0.590317964553833
cvae_P6_L1e-06,1,agent,20,stood,0.5741478800773621
cvae_P6_L1e-06,1,agent,21,going,0.5731446146965027
cvae_P6_L1e-06,1,agent,22,got,0.5687453150749207
cvae_P6_L1e-06,1,agent,23,tell,0.5497679710388184
cvae_P6_L1e-06,1,agent,24,put,0.545422375202179
cvae_P6_L1e-06,1,agent,25,left,0.5125671625137329
cvae_P6_L1e-06,1,agent,26,take,0.49681732058525085
cvae_P6_L1e-06,1,agent,27,get,0.4806208908557892
cvae_P6_L1e-06,1,agent,28,come,0.46922585368156433
cvae_P6_L1e-06,1,agent,29,let,0.43709006905555725
cvae_P6_L1e-06,1,agent,30,like,0.43123194575309753
cvae_P6_L1e-06,1,agent,31,remember,0.4312179982662201
cvae_P6_L1e-06,1,agent,32,hear,0.42761337757110596
cvae_P6_L1e-06,1,agent,33,understand,0.41951289772987366
cvae_P6_L1e-06,1,agent,34,need,0.4094136655330658
cvae_P6_L1e-06,1,agent,35,look,0.40903240442276
cvae_P6_L1e-06,1,agent,36,make,0.35226863622665405
cvae_P6_L1e-06,1,agent,37,read,0.32669946551322937
cvae_P6_L1e-06,1,agent,38,mean,0.3196897506713867
cvae_P6_L1e-06,1,agent,39,help,0.31060704588890076
cvae_P6_L1e-06,1,agent,40,ask,0.30915945768356323
cvae_P6_L1e-06,1,agent,41,spoke,0.3083014190196991
cvae_P6_L1e-06,1,agent,42,find,0.2917400598526001
cvae_P6_L1e-06,1,agent,43,become,0.28606027364730835
cvae_P6_L1e-06,1,agent,44,try,0.2655371427536011
cvae_P6_L1e-06,1,agent,45,love,0.24952837824821472
cvae_P6_L1e-06,1,agent,46,believe,0.24829716980457306
cvae_P6_L1e-06,1,agent,47,arrived,0.2437400221824646
cvae_P6_L1e-06,1,agent,48,lay,0.22700715065002441
cvae_P6_L1e-06,1,agent,49,leave,0.22087174654006958
cvae_P6_L1e-06,1,agent,50,give,0.21012866497039795
cvae_P6_L1e-06,1,patient,1,tell,1.0668212175369263
cvae_P6_L1e-06,1,patient,2,see,0.995266854763031
cvae_P6_L1e-06,1,patient,3,asked,0.9091233015060425
cvae_P6_L1e-06,1,patient,4,take,0.7829071283340454
cvae_P6_L1e-06,1,patient,5,saw,0.6838811039924622
cvae_P6_L1e-06,1,patient,6,left,0.6350696086883545
cvae_P6_L1e-06,1,patient,7,help,0.6338549852371216
cvae_P6_L1e-06,1,patient,8,ask,0.6235865354537964
cvae_P6_L1e-06,1,patient,9,thank,0.6038658022880554
cvae_P6_L1e-06,1,patient,10,get,0.5798097252845764
cvae_P6_L1e-06,1,patient,11,find,0.5784050226211548
cvae_P6_L1e-06,1,patient,12,put,0.5706428289413452
cvae_P6_L1e-06,1,patient,13,know,0.5665813088417053
cvae_P6_L1e-06,1,patient,14,love,0.5579841732978821
cvae_P6_L1e-06,1,patient,15,keep,0.5480148196220398
cvae_P6_L1e-06,1,patient,16,call,0.4902289807796478
cvae_P6_L1e-06,1,patient,17,bring,0.4799998700618744
cvae_P6_L1e-06,1,patient,18,asking,0.46573686599731445
cvae_P6_L1e-06,1,patient,19,hurt,0.45606499910354614
cvae_P6_L1e-06,1,patient,20,watching,0.4417704641819
cvae_P6_L1e-06,1,patient,21,leave,0.44007551670074463
cvae_P6_L1e-06,1,patient,22,meet,0.4227699041366577
cvae_P6_L1e-06,1,patient,23,stop,0.41324669122695923
cvae_P6_L1e-06,1,patient,24,married,0.40648746490478516
cvae_P6_L1e-06,1,patient,25,gone,0.38116729259490967
cvae_P6_L1e-06,1,patient,26,leaving,0.33977970480918884
cvae_P6_L1e-06,1,patient,27,kill,0.3235803544521332
cvae_P6_L1e-06,1,patient,28,show,0.3186647295951843
cvae_P6_L1e-06,1,patient,29,hold,0.3084545433521271
cvae_P6_L1e-06,1,patient,30,touch,0.2906000316143036
cvae_P6_L1e-06,1,patient,31,forgive,0.28006744384765625
cvae_P6_L1e-06,1,patient,32,kiss,0.2705655097961426
cvae_P6_L1e-06,1,patient,33,teach,0.26246845722198486
cvae_P6_L1e-06,1,patient,34,believe,0.26107868552207947
cvae_P6_L1e-06,1,patient,35,visit,0.25801846385002136
cvae_P6_L1e-06,1,patient,36,let,0.25542086362838745
cvae_P6_L1e-06,1,patient,37,remind,0.2508357763290405
cvae_P6_L1e-06,1,patient,38,protect,0.2271287590265274
cvae_P6_L1e-06,1,patient,39,pull,0.21453244984149933
cvae_P6_L1e-06,1,patient,40,hear,0.21337063610553741
cvae_P6_L1e-06,1,patient,41,force,0.20057936012744904
cvae_P6_L1e-06,1,patient,42,like,0.19999706745147705
cvae_P6_L1e-06,1,patient,43,got,0.1998700201511383
cvae_P6_L1e-06,1,patient,44,push,0.19855201244354248
cvae_P6_L1e-06,1,patient,45,calm,0.1938088983297348
cvae_P6_L1e-06,1,patient,46,recognize,0.1902994066476822
cvae_P6_L1e-06,1,patient,47,cut,0.18952755630016327
cvae_P6_L1e-06,1,patient,48,want,0.1799977719783783
cvae_P6_L1e-06,1,patient,49,give,0.17510496079921722
cvae_P6_L1e-06,1,patient,50,miss,0.17385117709636688
cvae_P6_L1e-06,1,possessive,1,mother,1.2329572439193726
cvae_P6_L1e-06,1,possessive,2,father,1.047813057899475
cvae_P6_L1e-06,1,possessive,3,head,1.0254254341125488
cvae_P6_L1e-06,1,possessive,4,face,1.01604425907135
cvae_P6_L1e-06,1,possessive,5,hand,0.9640671610832214
cvae_P6_L1e-06,1,possessive,6,sister,0.9441352486610413
cvae_P6_L1e-06,1,possessive,7,husband,0.870137631893158
cvae_P6_L1e-06,1,possessive,8,life,0.8565624952316284
cvae_P6_L1e-06,1,possessive,9,hair,0.8215653300285339
cvae_P6_L1e-06,1,possessive,10,room,0.7607678174972534
cvae_P6_L1e-06,1,possessive,11,daughter,0.7603219151496887
cvae_P6_L1e-06,1,possessive,12,body,0.7491282224655151
cvae_P6_L1e-06,1,possessive,13,voice,0.7473402619361877
cvae_P6_L1e-06,1,possessive,14,mind,0.7420165538787842
cvae_P6_L1e-06,1,possessive,15,brother,0.7037683129310608
cvae_P6_L1e-06,1,possessive,16,heart,0.685710608959198
cvae_P6_L1e-06,1,possessive,17,mouth,0.6847522258758545
cvae_P6_L1e-06,1,possessive,18,mom,0.6814953684806824
cvae_P6_L1e-06,1,possessive,19,uncle,0.678135097026825
cvae_P6_L1e-06,1,possessive,20,family,0.6449018716812134
cvae_P6_L1e-06,1,possessive,21,son,0.6341198682785034
cvae_P6_L1e-06,1,possessive,22,dad,0.6060551404953003
cvae_P6_L1e-06,1,possessive,23,grandmother,0.6031308174133301
cvae_P6_L1e-06,1,possessive,24,arm,0.5835732817649841
cvae_P6_L1e-06,1,possessive,25,way,0.5801694393157959
cvae_P6_L1e-06,1,possessive,26,aunt,0.5460802316665649
cvae_P6_L1e-06,1,possessive,27,bed,0.532131552696228
cvae_P6_L1e-06,1,possessive,28,skin,0.5215466618537903
cvae_P6_L1e-06,1,possessive,29,friend,0.5094871520996094
cvae_P6_L1e-06,1,possessive,30,own,0.5079710483551025
cvae_P6_L1e-06,1,possessive,31,shoulder,0.4964022636413574
cvae_P6_L1e-06,1,possessive,32,name,0.4961051940917969
cvae_P6_L1e-06,1,possessive,33,phone,0.49480658769607544
cvae_P6_L1e-06,1,possessive,34,death,0.4855915307998657
cvae_P6_L1e-06,1,possessive,35,neck,0.47309571504592896
cvae_P6_L1e-06,1,possessive,36,stomach,0.45726385712623596
cvae_P6_L1e-06,1,possessive,37,throat,0.4521406888961792
cvae_P6_L1e-06,1,possessive,38,chest,0.45093855261802673
cvae_P6_L1e-06,1,possessive,39,cheek,0.4452650249004364
cvae_P6_L1e-06,1,possessive,40,apartment,0.4326428472995758
cvae_P6_L1e-06,1,possessive,41,gaze,0.38460227847099304
cvae_P6_L1e-06,1,possessive,42,home,0.3803173303604126
cvae_P6_L1e-06,1,possessive,43,back,0.37752383947372437
cvae_P6_L1e-06,1,possessive,44,dress,0.37574970722198486
cvae_P6_L1e-06,1,possessive,45,surprise,0.3677937090396881
cvae_P6_L1e-06,1,possessive,46,nose,0.3663806617259979
cvae_P6_L1e-06,1,possessive,47,breath,0.3648621141910553
cvae_P6_L1e-06,1,possessive,48,side,0.3391207754611969
cvae_P6_L1e-06,1,possessive,49,house,0.31111228466033936
cvae_P6_L1e-06,1,possessive,50,i,0.31039199233055115
cvae_P6_L1e-06,1,predicative,1,sure,0.8480982780456543
cvae_P6_L1e-06,1,predicative,2,sorry,0.7680802941322327
cvae_P6_L1e-06,1,predicative,3,happy,0.6711919903755188
cvae_P6_L1e-06,1,predicative,4,afraid,0.6553630232810974
cvae_P6_L1e-06,1,predicative,5,girl,0.6515136957168579
cvae_P6_L1e-06,1,predicative,6,tired,0.6120708584785461
cvae_P6_L1e-06,1,predicative,7,old,0.5641510486602783
cvae_P6_L1e-06,1,predicative,8,right,0.5533213019371033
cvae_P6_L1e-06,1,predicative,9,woman,0.44176948070526123
cvae_P6_L1e-06,1,predicative,10,ready,0.4365423023700714
cvae_P6_L1e-06,1,predicative,11,aware,0.40735793113708496
cvae_P6_L1e-06,1,predicative,12,good,0.40126264095306396
cvae_P6_L1e-06,1,predicative,13,beautiful,0.3878147304058075
cvae_P6_L1e-06,1,predicative,14,child,0.38600531220436096
cvae_P6_L1e-06,1,predicative,15,lucky,0.3834020793437958
cvae_P6_L1e-06,1,predicative,16,busy,0.36980557441711426
cvae_P6_L1e-06,1,predicative,17,mother,0.36750322580337524
cvae_P6_L1e-06,1,predicative,18,angry,0.36533161997795105
cvae_P6_L1e-06,1,predicative,19,person,0.3401559591293335
cvae_P6_L1e-06,1,predicative,20,sister,0.3294517993927002
cvae_P6_L1e-06,1,predicative,21,dead,0.31488513946533203
cvae_P6_L1e-06,1,predicative,22,asleep,0.3119770884513855
cvae_P6_L1e-06,1,predicative,23,close,0.29960352182388306
cvae_P6_L1e-06,1,predicative,24,free,0.2780477702617645
cvae_P6_L1e-06,1,predicative,25,nervous,0.27522069215774536
cvae_P6_L1e-06,1,predicative,26,alone,0.27229705452919006
cvae_P6_L1e-06,1,predicative,27,sick,0.2668232321739197
cvae_P6_L1e-06,1,predicative,28,fine,0.2541753351688385
cvae_P6_L1e-06,1,predicative,29,daughter,0.2504412829875946
cvae_P6_L1e-06,1,predicative,30,pregnant,0.24253760278224945
cvae_P6_L1e-06,1,predicative,31,part,0.23920069634914398
cvae_P6_L1e-06,1,predicative,32,proud,0.22224268317222595
cvae_P6_L1e-06,1,predicative,33,man,0.20304983854293823
cvae_P6_L1e-06,1,predicative,34,hungry,0.20231392979621887
cvae_P6_L1e-06,1,predicative,35,ill,0.1941635012626648
cvae_P6_L1e-06,1,predicative,36,wrong,0.17845572531223297
cvae_P6_L1e-06,1,predicative,37,stupid,0.17068378627300262
cvae_P6_L1e-06,1,predicative,38,mistress,0.15705426037311554
cvae_P6_L1e-06,1,predicative,39,frightened,0.15564469993114471
cvae_P6_L1e-06,1,predicative,40,baby,0.14645656943321228
cvae_P6_L1e-06,1,predicative,41,awake,0.14143802225589752
cvae_P6_L1e-06,1,predicative,42,friend,0.13271455466747284
cvae_P6_L1e-06,1,predicative,43,wife,0.12935109436511993
cvae_P6_L1e-06,1,predicative,44,interested,0.12516383826732635
cvae_P6_L1e-06,1,predicative,45,smart,0.114722341299057
cvae_P6_L1e-06,1,predicative,46,scared,0.11432164162397385
cvae_P6_L1e-06,1,predicative,47,anxious,0.10563865303993225
cvae_P6_L1e-06,1,predicative,48,special,0.1054254025220871
cvae_P6_L1e-06,1,predicative,49,upset,0.09506550431251526
cvae_P6_L1e-06,1,predicative,50,first,0.08315516263246536
cvae_P6_L1e-06,2,agent,1,said,1.3703455924987793
cvae_P6_L1e-06,2,agent,2,had,0.9569019675254822
cvae_P6_L1e-06,2,agent,3,looked,0.8459629416465759
cvae_P6_L1e-06,2,agent,4,asked,0.8258156180381775
cvae_P6_L1e-06,2,agent,5,know,0.8053157329559326
cvae_P6_L1e-06,2,agent,6,thought,0.7676108479499817
cvae_P6_L1e-06,2,agent,7,have,0.7616624236106873
cvae_P6_L1e-06,2,agent,8,felt,0.7531583309173584
cvae_P6_L1e-06,2,agent,9,saw,0.712724506855011
cvae_P6_L1e-06,2,agent,10,wanted,0.6957254409790039
cvae_P6_L1e-06,2,agent,11,want,0.6769387722015381
cvae_P6_L1e-06,2,agent,12,think,0.6478625535964966
cvae_P6_L1e-06,2,agent,13,see,0.6155465245246887
cvae_P6_L1e-06,2,agent,14,came,0.612544059753418
cvae_P6_L1e-06,2,agent,15,say,0.5747268795967102
cvae_P6_L1e-06,2,agent,16,sat,0.5720729231834412
cvae_P6_L1e-06,2,agent,17,left,0.5569981336593628
cvae_P6_L1e-06,2,agent,18,do,0.5478845834732056
cvae_P6_L1e-06,2,agent,19,feel,0.5439194440841675
cvae_P6_L1e-06,2,agent,20,put,0.5255367159843445
cvae_P6_L1e-06,2,agent,21,got,0.5252590775489807
cvae_P6_L1e-06,2,agent,22,stood,0.5111480951309204
cvae_P6_L1e-06,2,agent,23,going,0.5029623508453369
cvae_P6_L1e-06,2,agent,24,come,0.5019063353538513
cvae_P6_L1e-06,2,agent,25,get,0.47297966480255127
cvae_P6_L1e-06,2,agent,26,go,0.4657871425151825
cvae_P6_L1e-06,2,agent,27,tell,0.4579567313194275
cvae_P6_L1e-06,2,agent,28,take,0.44600996375083923
cvae_P6_L1e-06,2,agent,29,like,0.4394378364086151
cvae_P6_L1e-06,2,agent,30,let,0.4270595610141754
cvae_P6_L1e-06,2,agent,31,look,0.4083588719367981
cvae_P6_L1e-06,2,agent,32,hear,0.38997408747673035
cvae_P6_L1e-06,2,agent,33,remember,0.38499927520751953
cvae_P6_L1e-06,2,agent,34,need,0.35869601368904114
cvae_P6_L1e-06,2,agent,35,make,0.358521044254303
cvae_P6_L1e-06,2,agent,36,help,0.3242686688899994
cvae_P6_L1e-06,2,agent,37,understand,0.31365156173706055
cvae_P6_L1e-06,2,agent,38,read,0.2892163395881653
cvae_P6_L1e-06,2,agent,39,ask,0.27800342440605164
cvae_P6_L1e-06,2,agent,40,spoke,0.2746090292930603
cvae_P6_L1e-06,2,agent,41,try,0.2560242712497711
cvae_P6_L1e-06,2,agent,42,gone,0.25463050603866577
cvae_P6_L1e-06,2,agent,43,arrived,0.25231844186782837
cvae_P6_L1e-06,2,agent,44,mean,0.2522388696670532
cvae_P6_L1e-06,2,agent,45,love,0.2494412064552307
cvae_P6_L1e-06,2,agent,46,find,0.2274780571460724
cvae_P6_L1e-06,2,agent,47,become,0.22636160254478455
cvae_P6_L1e-06,2,agent,48,leave,0.22214478254318237
cvae_P6_L1e-06,2,agent,49,believe,0.21988354623317719
cvae_P6_L1e-06,2,agent,50,sitting,0.2033834606409073
cvae_P6_L1e-06,2,patient,1,tell,1.0236202478408813
cvae_P6_L1e-06,2,patient,2,see,0.9552925229072571
cvae_P6_L1e-06,2,patient,3,asked,0.8209957480430603
cvae_P6_L1e-06,2,patient,4,saw,0.7149494886398315
cvae_P6_L1e-06,2,patient,5,take,0.7017287611961365
cvae_P6_L1e-06,2,patient,6,help,0.6555008292198181
cvae_P6_L1e-06,2,patient,7,ask,0.6404364109039307
cvae_P6_L1e-06,2,patient,8,thank,0.5897072553634644
cvae_P6_L1e-06,2,patient,9,love,0.588010847568512
cvae_P6_L1e-06,2,patient,10,find,0.58705735206604
cvae_P6_L1e-06,2,patient,11,keep,0.5644664168357849
cvae_P6_L1e-06,2,patient,12,put,0.546271800994873
cvae_P6_L1e-06,2,patient,13,get,0.53956538438797
cvae_P6_L1e-06,2,patient,14,know,0.5327829718589783
cvae_P6_L1e-06,2,patient,15,left,0.5253840088844299
cvae_P6_L1e-06,2,patient,16,call,0.48545846343040466
cvae_P6_L1e-06,2,patient,17,gone,0.4473644495010376
cvae_P6_L1e-06,2,patient,18,watching,0.41806450486183167
cvae_P6_L1e-06,2,patient,19,bring,0.41394302248954773
cvae_P6_L1e-06,2,patient,20,leave,0.3966071605682373
cvae_P6_L1e-06,2,patient,21,meet,0.39311113953590393
cvae_P6_L1e-06,2,patient,22,stop,0.38086235523223877
cvae_P6_L1e-06,2,patient,23,married,0.366862028837204
cvae_P6_L1e-06,2,patient,24,hurt,0.3591984808444977
cvae_P6_L1e-06,2,patient,25,asking,0.33074432611465454
cvae_P6_L1e-06,2,patient,26,visit,0.3257559835910797
cvae_P6_L1e-06,2,patient,27,leaving,0.3060581386089325
cvae_P6_L1e-06,2,patient,28,remind,0.2797093093395233
cvae_P6_L1e-06,2,patient,29,kiss,0.2775369882583618
cvae_P6_L1e-06,2,patient,30,kill,0.26008501648902893
cvae_P6_L1e-06,2,patient,31,show,0.2406129091978073
cvae_P6_L1e-06,2,patient,32,force,0.23768208920955658
cvae_P6_L1e-06,2,patient,33,join,0.23229236900806427
cvae_P6_L1e-06,2,patient,34,throw,0.23115603625774384
cvae_P6_L1e-06,2,patient,35,give,0.2277545928955078
cvae_P6_L1e-06,2,patient,36,pull,0.227300226688385
cvae_P6_L1e-06,2,patient,37,believe,0.22569754719734192
cvae_P6_L1e-06,2,patient,38,touch,0.22485201060771942
cvae_P6_L1e-06,2,patient,39,let,0.21228507161140442
cvae_P6_L1e-06,2,patient,40,protect,0.20563101768493652
cvae_P6_L1e-06,2,patient,41,send,0.20380555093288422
cvae_P6_L1e-06,2,patient,42,remember,0.1916891634464264
cvae_P6_L1e-06,2,patient,43,got,0.1889553815126419
cvae_P6_L1e-06,2,patient,44,watch,0.17810896039009094
cvae_P6_L1e-06,2,patient,45,approach,0.17348329722881317
cvae_P6_L1e-06,2,patient,46,hear,0.17091421782970428
cvae_P6_L1e-06,2,patient,47,had,0.16991278529167175
cvae_P6_L1e-06,2,patient,48,hold,0.168668732047081
cvae_P6_L1e-06,2,patient,49,teach,0.16741402447223663
cvae_P6_L1e-06,2,patient,50,like,0.15675409138202667
cvae_P6_L1e-06,2,possessive,1,head,1.0664350986480713
cvae_P6_L1e-06,2,possessive,2,face,1.0280325412750244
cvae_P6_L1e-06,2,possessive,3,mother,1.0240367650985718
cvae_P6_L1e-06,2,possessive,4,hand,0.9603303670883179
cvae_P6_L1e-06,2,possessive,5,life,0.8834371566772461
cvae_P6_L1e-06,2,possessive,6,husband,0.8557167053222656
cvae_P6_L1e-06,2,possessive,7,voice,0.8357656598091125
cvae_P6_L1e-06,2,possessive,8,hair,0.8331133127212524
cvae_P6_L1e-06,2,possessive,9,father,0.783261239528656
cvae_P6_L1e-06,2,possessive,10,room,0.7749940156936646
cvae_P6_L1e-06,2,possessive,11,sister,0.7619849443435669
cvae_P6_L1e-06,2,possessive,12,mind,0.7203353047370911
cvae_P6_L1e-06,2,possessive,13,body,0.694158136844635
cvae_P6_L1e-06,2,possessive,14,mouth,0.684674084186554
cvae_P6_L1e-06,2,possessive,15,daughter,0.6817916035652161
cvae_P6_L1e-06,2,possessive,16,family,0.6079173684120178
cvae_P6_L1e-06,2,possessive,17,heart,0.6020211577415466
cvae_P6_L1e-06,2,possessive,18,way,0.5895391702651978
cvae_P6_L1e-06,2,possessive,19,name,0.5732960104942322
cvae_P6_L1e-06,2,possessive,20,death,0.5667908191680908
cvae_P6_L1e-06,2,possessive,21,arm,0.5563260912895203
cvae_P6_L1e-06,2,possessive,22,son,0.5554698705673218
cvae_P6_L1e-06,2,possessive,23,bed,0.5403784513473511
cvae_P6_L1e-06,2,possessive,24,skin,0.532151460647583
cvae_P6_L1e-06,2,possessive,25,phone,0.5108253359794617
cvae_P6_L1e-06,2,possessive,26,shoulder,0.5091983079910278
cvae_P6_L1e-06,2,possessive,27,neck,0.4941951036453247
cvae_P6_L1e-06,2,possessive,28,chest,0.4898924231529236
cvae_P6_L1e-06,2,possessive,29,aunt,0.4850708842277527
cvae_P6_L1e-06,2,possessive,30,friend,0.4767438769340515
cvae_P6_L1e-06,2,possessive,31,throat,0.47591909766197205
cvae_P6_L1e-06,2,possessive,32,grandmother,0.46628108620643616
cvae_P6_L1e-06,2,possessive,33,cheek,0.45799824595451355
cvae_P6_L1e-06,2,possessive,34,own,0.44658923149108887
cvae_P6_L1e-06,2,possessive,35,apartment,0.4405229389667511
cvae_P6_L1e-06,2,possessive,36,uncle,0.4393722414970398
cvae_P6_L1e-06,2,possessive,37,brother,0.4313255846500397
cvae_P6_L1e-06,2,possessive,38,home,0.4111863076686859
cvae_P6_L1e-06,2,possessive,39,gaze,0.40873295068740845
cvae_P6_L1e-06,2,possessive,40,back,0.4077431261539459
cvae_P6_L1e-06,2,possessive,41,mom,0.40345072746276855
cvae_P6_L1e-06,2,possessive,42,dress,0.401117742061615
cvae_P6_L1e-06,2,possessive,43,side,0.395870178937912
cvae_P6_L1e-06,2,possessive,44,nose,0.36847859621047974
cvae_P6_L1e-06,2,possessive,45,dad,0.3616279065608978
cvae_P6_L1e-06,2,possessive,46,breath,0.3593476116657257
cvae_P6_L1e-06,2,possessive,47,stomach,0.3570811152458191
cvae_P6_L1e-06,2,possessive,48,work,0.34832999110221863
cvae_P6_L1e-06,2,possessive,49,forehead,0.34787777066230774
cvae_P6_L1e-06,2,possessive,50,tongue,0.33425867557525635
cvae_P6_L1e-06,2,predicative,1,sure,0.7944604754447937
cvae_P6_L1e-06,2,predicative,2,sorry,0.6850600242614746
cvae_P6_L1e-06,2,predicative,3,girl,0.6180372834205627
cvae_P6_L1e-06,2,predicative,4,right,0.6034612655639648
cvae_P6_L1e-06,2,predicative,5,afraid,0.5919784307479858
cvae_P6_L1e-06,2,predicative,6,happy,0.5063568949699402
cvae_P6_L1e-06,2,predicative,7,old,0.49913692474365234
cvae_P6_L1e-06,2,predicative,8,tired,0.4905727505683899
cvae_P6_L1e-06,2,predicative,9,good,0.4875876009464264
cvae_P6_L1e-06,2,predicative,10,beautiful,0.4740855097770691
cvae_P6_L1e-06,2,predicative,11,busy,0.4218794107437134
cvae_P6_L1e-06,2,predicative,12,woman,0.41353780031204224
cvae_P6_L1e-06,2,predicative,13,aware,0.41240689158439636
cvae_P6_L1e-06,2,predicative,14,ready,0.41059911251068115
cvae_P6_L1e-06,2,predicative,15,person,0.3767010569572449
cvae_P6_L1e-06,2,predicative,16,child,0.3538063168525696
cvae_P6_L1e-06,2,predicative,17,mother,0.3521062731742859
cvae_P6_L1e-06,2,predicative,18,sister,0.33405032753944397
cvae_P6_L1e-06,2,predicative,19,lucky,0.32955002784729004
cvae_P6_L1e-06,2,predicative,20,angry,0.32699447870254517
cvae_P6_L1e-06,2,predicative,21,pregnant,0.32382503151893616
cvae_P6_L1e-06,2,predicative,22,dead,0.3152395784854889
cvae_P6_L1e-06,2,predicative,23,sick,0.2914876639842987
cvae_P6_L1e-06,2,predicative,24,asleep,0.2811325490474701
cvae_P6_L1e-06,2,predicative,25,fine,0.2515426576137543
cvae_P6_L1e-06,2,predicative,26,alone,0.24450744688510895
cvae_P6_L1e-06,2,predicative,27,man,0.22731532156467438
cvae_P6_L1e-06,2,predicative,28,nervous,0.2218320518732071
cvae_P6_L1e-06,2,predicative,29,hungry,0.1952826976776123
cvae_P6_L1e-06,2,predicative,30,daughter,0.18309800326824188
cvae_P6_L1e-06,2,predicative,31,close,0.1756141483783722
cvae_P6_L1e-06,2,predicative,32,part,0.1408102959394455
cvae_P6_L1e-06,2,predicative,33,awake,0.13898180425167084
cvae_P6_L1e-06,2,predicative,34,friend,0.135506734251976
cvae_P6_L1e-06,2,predicative,35,interested,0.13427692651748657
cvae_P6_L1e-06,2,predicative,36,free,0.1291544884443283
cvae_P6_L1e-06,2,predicative,37,frightened,0.12593293190002441
cvae_P6_L1e-06,2,predicative,38,ill,0.12431284040212631
cvae_P6_L1e-06,2,predicative,39,wife,0.11860673129558563
cvae_P6_L1e-06,2,predicative,40,ﬁne,0.09642614424228668
cvae_P6_L1e-06,2,predicative,41,scared,0.08976622670888901
cvae_P6_L1e-06,2,predicative,42,determined,0.08709555864334106
cvae_P6_L1e-06,2,predicative,43,anxious,0.0850275382399559
cvae_P6_L1e-06,2,predicative,44,proud,0.08440876752138138
cvae_P6_L1e-06,2,predicative,45,stupid,0.07976386696100235
cvae_P6_L1e-06,2,predicative,46,careful,0.06852854043245316
cvae_P6_L1e-06,2,predicative,47,well,0.06783518940210342
cvae_P6_L1e-06,2,predicative,48,upset,0.067775659263134
cvae_P6_L1e-06,2,predicative,49,one,0.06286446005105972
cvae_P6_L1e-06,2,predicative,50,concerned,0.056923698633909225
cvae_P6_L1e-06,3,agent,1,said,1.4227575063705444
cvae_P6_L1e-06,3,agent,2,had,0.9505655169487
cvae_P6_L1e-06,3,agent,3,looked,0.8874300122261047
cvae_P6_L1e-06,3,agent,4,asked,0.8519409894943237
cvae_P6_L1e-06,3,agent,5,know,0.7899087071418762
cvae_P6_L1e-06,3,agent,6,have,0.7745217680931091
cvae_P6_L1e-06,3,agent,7,felt,0.7580186128616333
cvae_P6_L1e-06,3,agent,8,saw,0.7539717555046082
cvae_P6_L1e-06,3,agent,9,thought,0.7175204753875732
cvae_P6_L1e-06,3,agent,10,wanted,0.6891275644302368
cvae_P6_L1e-06,3,agent,11,want,0.6525707840919495
cvae_P6_L1e-06,3,agent,12,sat,0.6246269345283508
cvae_P6_L1e-06,3,agent,13,came,0.6178531646728516
cvae_P6_L1e-06,3,agent,14,see,0.604469895362854
cvae_P6_L1e-06,3,agent,15,think,0.5797201991081238
cvae_P6_L1e-06,3,agent,16,say,0.5555761456489563
cvae_P6_L1e-06,3,agent,17,got,0.551571786403656
cvae_P6_L1e-06,3,agent,18,put,0.5510502457618713
cvae_P6_L1e-06,3,agent,19,feel,0.5419958233833313
cvae_P6_L1e-06,3,agent,20,left,0.5417680740356445
cvae_P6_L1e-06,3,agent,21,do,0.5402960181236267
cvae_P6_L1e-06,3,agent,22,stood,0.5227900743484497
cvae_P6_L1e-06,3,agent,23,going,0.5166420340538025
cvae_P6_L1e-06,3,agent,24,go,0.5059047937393188
cvae_P6_L1e-06,3,agent,25,come,0.49313539266586304
cvae_P6_L1e-06,3,agent,26,let,0.44803932309150696
cvae_P6_L1e-06,3,agent,27,tell,0.44484400749206543
cvae_P6_L1e-06,3,agent,28,get,0.420052170753479
cvae_P6_L1e-06,3,agent,29,hear,0.39257606863975525
cvae_P6_L1e-06,3,agent,30,take,0.3863609731197357
cvae_P6_L1e-06,3,agent,31,help,0.3632080554962158
cvae_P6_L1e-06,3,agent,32,like,0.36226534843444824
cvae_P6_L1e-06,3,agent,33,look,0.36021530628204346
cvae_P6_L1e-06,3,agent,34,need,0.3583029806613922
cvae_P6_L1e-06,3,agent,35,remember,0.3547130823135376
cvae_P6_L1e-06,3,agent,36,understand,0.3534080684185028
cvae_P6_L1e-06,3,agent,37,spoke,0.33131295442581177
cvae_P6_L1e-06,3,agent,38,read,0.3068483769893646
cvae_P6_L1e-06,3,agent,39,ask,0.3040104806423187
cvae_P6_L1e-06,3,agent,40,make,0.29606306552886963
cvae_P6_L1e-06,3,agent,41,love,0.2834394574165344
cvae_P6_L1e-06,3,agent,42,find,0.26870059967041016
cvae_P6_L1e-06,3,agent,43,sitting,0.2537555992603302
cvae_P6_L1e-06,3,agent,44,become,0.245700865983963
cvae_P6_L1e-06,3,agent,45,leave,0.23419208824634552
cvae_P6_L1e-06,3,agent,46,try,0.23248226940631866
cvae_P6_L1e-06,3,agent,47,mean,0.230128675699234
cvae_P6_L1e-06,3,agent,48,arrived,0.2249975949525833
cvae_P6_L1e-06,3,agent,49,lay,0.21670864522457123
cvae_P6_L1e-06,3,agent,50,give,0.20826534926891327
cvae_P6_L1e-06,3,patient,1,tell,0.9777482748031616
cvae_P6_L1e-06,3,patient,2,see,0.9401752948760986
cvae_P6_L1e-06,3,patient,3,asked,0.8145161867141724
cvae_P6_L1e-06,3,patient,4,take,0.7244293689727783
cvae_P6_L1e-06,3,patient,5,saw,0.6790294051170349
cvae_P6_L1e-06,3,patient,6,ask,0.6660118103027344
cvae_P6_L1e-06,3,patient,7,help,0.6381118297576904
cvae_P6_L1e-06,3,patient,8,thank,0.6165437698364258
cvae_P6_L1e-06,3,patient,9,find,0.6089445352554321
cvae_P6_L1e-06,3,patient,10,love,0.5811923146247864
cvae_P6_L1e-06,3,patient,11,get,0.5649685263633728
cvae_P6_L1e-06,3,patient,12,left,0.5602464079856873
cvae_P6_L1e-06,3,patient,13,know,0.5497083067893982
cvae_P6_L1e-06,3,patient,14,put,0.5286364555358887
cvae_P6_L1e-06,3,patient,15,keep,0.5180892944335938
cvae_P6_L1e-06,3,patient,16,call,0.48230138421058655
cvae_P6_L1e-06,3,patient,17,bring,0.445075124502182
cvae_P6_L1e-06,3,patient,18,watching,0.42484569549560547
cvae_P6_L1e-06,3,patient,19,gone,0.41770362854003906
cvae_P6_L1e-06,3,patient,20,hurt,0.41279494762420654
cvae_P6_L1e-06,3,patient,21,leave,0.4037492871284485
cvae_P6_L1e-06,3,patient,22,married,0.3890667259693146
cvae_P6_L1e-06,3,patient,23,meet,0.3809559941291809
cvae_P6_L1e-06,3,patient,24,asking,0.35693639516830444
cvae_P6_L1e-06,3,patient,25,stop,0.32411280274391174
cvae_P6_L1e-06,3,patient,26,visit,0.3225042521953583
cvae_P6_L1e-06,3,patient,27,kiss,0.28992050886154175
cvae_P6_L1e-06,3,patient,28,remind,0.2897855341434479
cvae_P6_L1e-06,3,patient,29,leaving,0.28589171171188354
cvae_P6_L1e-06,3,patient,30,show,0.2701316773891449
cvae_P6_L1e-06,3,patient,31,kill,0.26465967297554016
cvae_P6_L1e-06,3,patient,32,give,0.25988876819610596
cvae_P6_L1e-06,3,patient,33,believe,0.2575969398021698
cvae_P6_L1e-06,3,patient,34,remember,0.25711238384246826
cvae_P6_L1e-06,3,patient,35,send,0.2336975485086441
cvae_P6_L1e-06,3,patient,36,let,0.22107484936714172
cvae_P6_L1e-06,3,patient,37,touch,0.2047632932662964
cvae_P6_L1e-06,3,patient,38,want,0.20420323312282562
cvae_P6_L1e-06,3,patient,39,pull,0.19822964072227478
cvae_P6_L1e-06,3,patient,40,watch,0.19746974110603333
cvae_P6_L1e-06,3,patient,41,force,0.1949874758720398
cvae_P6_L1e-06,3,patient,42,forgive,0.19309253990650177
cvae_P6_L1e-06,3,patient,43,join,0.19038960337638855
cvae_P6_L1e-06,3,patient,44,hear,0.189631387591362
cvae_P6_L1e-06,3,patient,45,protect,0.18811963498592377
cvae_P6_L1e-06,3,patient,46,approach,0.1865762174129486
cvae_P6_L1e-06,3,patient,47,throw,0.18304717540740967
cvae_P6_L1e-06,3,patient,48,cut,0.18095135688781738
cvae_P6_L1e-06,3,patient,49,distract,0.17806023359298706
cvae_P6_L1e-06,3,patient,50,hold,0.17556798458099365
cvae_P6_L1e-06,3,possessive,1,mother,1.0675935745239258
cvae_P6_L1e-06,3,possessive,2,head,1.0609164237976074
cvae_P6_L1e-06,3,possessive,3,face,1.0450371503829956
cvae_P6_L1e-06,3,possessive,4,hand,0.9320662021636963
cvae_P6_L1e-06,3,possessive,5,life,0.8717445731163025
cvae_P6_L1e-06,3,possessive,6,hair,0.8214635848999023
cvae_P6_L1e-06,3,possessive,7,voice,0.8185167908668518
cvae_P6_L1e-06,3,possessive,8,father,0.8159977197647095
cvae_P6_L1e-06,3,possessive,9,husband,0.7924116849899292
cvae_P6_L1e-06,3,possessive,10,room,0.7659861445426941
cvae_P6_L1e-06,3,possessive,11,body,0.7344970703125
cvae_P6_L1e-06,3,possessive,12,sister,0.7287788391113281
cvae_P6_L1e-06,3,possessive,13,daughter,0.7102677822113037
cvae_P6_L1e-06,3,possessive,14,mind,0.688630998134613
cvae_P6_L1e-06,3,possessive,15,mouth,0.6756611466407776
cvae_P6_L1e-06,3,possessive,16,death,0.6033408045768738
cvae_P6_L1e-06,3,possessive,17,heart,0.5896793603897095
cvae_P6_L1e-06,3,possessive,18,way,0.5860020518302917
cvae_P6_L1e-06,3,possessive,19,family,0.5842437744140625
cvae_P6_L1e-06,3,possessive,20,skin,0.56891268491745
cvae_P6_L1e-06,3,possessive,21,arm,0.5563057065010071
cvae_P6_L1e-06,3,possessive,22,son,0.5513069033622742
cvae_P6_L1e-06,3,possessive,23,aunt,0.5358752012252808
cvae_P6_L1e-06,3,possessive,24,name,0.5196289420127869
cvae_P6_L1e-06,3,possessive,25,shoulder,0.5110689997673035
cvae_P6_L1e-06,3,possessive,26,brother,0.5110341310501099
cvae_P6_L1e-06,3,possessive,27,phone,0.5073432326316833
cvae_P6_L1e-06,3,possessive,28,neck,0.501659095287323
cvae_P6_L1e-06,3,possessive,29,own,0.49723002314567566
cvae_P6_L1e-06,3,possessive,30,friend,0.4953577220439911
cvae_P6_L1e-06,3,possessive,31,chest,0.49484971165657043
cvae_P6_L1e-06,3,possessive,32,bed,0.49206623435020447
cvae_P6_L1e-06,3,possessive,33,grandmother,0.47335827350616455
cvae_P6_L1e-06,3,possessive,34,throat,0.4696156084537506
cvae_P6_L1e-06,3,possessive,35,cheek,0.4444275200366974
cvae_P6_L1e-06,3,possessive,36,uncle,0.43808311223983765
cvae_P6_L1e-06,3,possessive,37,stomach,0.4371778070926666
cvae_P6_L1e-06,3,possessive,38,apartment,0.4108305871486664
cvae_P6_L1e-06,3,possessive,39,dress,0.4067339599132538
cvae_P6_L1e-06,3,possessive,40,gaze,0.3926634192466736
cvae_P6_L1e-06,3,possessive,41,nose,0.38696497678756714
cvae_P6_L1e-06,3,possessive,42,breath,0.3802359998226166
cvae_P6_L1e-06,3,possessive,43,home,0.378964900970459
cvae_P6_L1e-06,3,possessive,44,side,0.37635523080825806
cvae_P6_L1e-06,3,possessive,45,dad,0.3647739291191101
cvae_P6_L1e-06,3,possessive,46,back,0.3631304204463959
cvae_P6_L1e-06,3,possessive,47,work,0.34443455934524536
cvae_P6_L1e-06,3,possessive,48,forehead,0.33865347504615784
cvae_P6_L1e-06,3,possessive,49,surprise,0.3365626037120819
cvae_P6_L1e-06,3,possessive,50,mom,0.333025187253952
cvae_P6_L1e-06,3,predicative,1,sure,0.7962335348129272
cvae_P6_L1e-06,3,predicative,2,sorry,0.6372895836830139
cvae_P6_L1e-06,3,predicative,3,right,0.600969672203064
cvae_P6_L1e-06,3,predicative,4,happy,0.5859600305557251
cvae_P6_L1e-06,3,predicative,5,girl,0.5705858469009399
cvae_P6_L1e-06,3,predicative,6,afraid,0.5637261867523193
cvae_P6_L1e-06,3,predicative,7,old,0.5151685476303101
cvae_P6_L1e-06,3,predicative,8,beautiful,0.5005611777305603
cvae_P6_L1e-06,3,predicative,9,tired,0.4669252038002014
cvae_P6_L1e-06,3,predicative,10,busy,0.45762768387794495
cvae_P6_L1e-06,3,predicative,11,good,0.4270254373550415
cvae_P6_L1e-06,3,predicative,12,aware,0.4144638478755951
cvae_P6_L1e-06,3,predicative,13,woman,0.400386244058609
cvae_P6_L1e-06,3,predicative,14,ready,0.39621275663375854
cvae_P6_L1e-06,3,predicative,15,child,0.38662752509117126
cvae_P6_L1e-06,3,predicative,16,person,0.37923672795295715
cvae_P6_L1e-06,3,predicative,17,dead,0.35805100202560425
cvae_P6_L1e-06,3,predicative,18,mother,0.33262118697166443
cvae_P6_L1e-06,3,predicative,19,asleep,0.3176704943180084
cvae_P6_L1e-06,3,predicative,20,pregnant,0.2966049313545227
cvae_P6_L1e-06,3,predicative,21,angry,0.2893446087837219
cvae_P6_L1e-06,3,predicative,22,fine,0.28276875615119934
cvae_P6_L1e-06,3,predicative,23,sister,0.2800610363483429
cvae_P6_L1e-06,3,predicative,24,lucky,0.27903661131858826
cvae_P6_L1e-06,3,predicative,25,sick,0.2455553114414215
cvae_P6_L1e-06,3,predicative,26,close,0.23907305300235748
cvae_P6_L1e-06,3,predicative,27,alone,0.2284894585609436
cvae_P6_L1e-06,3,predicative,28,nervous,0.212807759642601
cvae_P6_L1e-06,3,predicative,29,man,0.2089271992444992
cvae_P6_L1e-06,3,predicative,30,free,0.20450401306152344
cvae_P6_L1e-06,3,predicative,31,part,0.20348182320594788
cvae_P6_L1e-06,3,predicative,32,daughter,0.1967899650335312
cvae_P6_L1e-06,3,predicative,33,interested,0.1719961017370224
cvae_P6_L1e-06,3,predicative,34,hungry,0.16528627276420593
cvae_P6_L1e-06,3,predicative,35,friend,0.14734217524528503
cvae_P6_L1e-06,3,predicative,36,frightened,0.14058439433574677
cvae_P6_L1e-06,3,predicative,37,scared,0.12800607085227966
cvae_P6_L1e-06,3,predicative,38,awake,0.12485816329717636
cvae_P6_L1e-06,3,predicative,39,ill,0.1172986701130867
cvae_P6_L1e-06,3,predicative,40,wife,0.11485499888658524
cvae_P6_L1e-06,3,predicative,41,determined,0.09235658496618271
cvae_P6_L1e-06,3,predicative,42,servant,0.09099449962377548
cvae_P6_L1e-06,3,predicative,43,proud,0.08894004672765732
cvae_P6_L1e-06,3,predicative,44,teacher,0.06902007013559341
cvae_P6_L1e-06,3,predicative,45,wrong,0.06745486706495285
cvae_P6_L1e-06,3,predicative,46,kind,0.06410886347293854
cvae_P6_L1e-06,3,predicative,47,prostitute,0.05613229051232338
cvae_P6_L1e-06,3,predicative,48,upset,0.0515807643532753
cvae_P6_L1e-06,3,predicative,49,concerned,0.04801163822412491
cvae_P6_L1e-06,3,predicative,50,baby,0.04551722854375839
cvae_P6_L1e-06,4,agent,1,said,1.397368311882019
cvae_P6_L1e-06,4,agent,2,had,0.9651515483856201
cvae_P6_L1e-06,4,agent,3,looked,0.8673576712608337
cvae_P6_L1e-06,4,agent,4,asked,0.8450270295143127
cvae_P6_L1e-06,4,agent,5,know,0.8177309036254883
cvae_P6_L1e-06,4,agent,6,have,0.81349116563797
cvae_P6_L1e-06,4,agent,7,thought,0.8014170527458191
cvae_P6_L1e-06,4,agent,8,felt,0.7982745170593262
cvae_P6_L1e-06,4,agent,9,saw,0.7411243319511414
cvae_P6_L1e-06,4,agent,10,wanted,0.7286511659622192
cvae_P6_L1e-06,4,agent,11,want,0.7049440145492554
cvae_P6_L1e-06,4,agent,12,think,0.6874244809150696
cvae_P6_L1e-06,4,agent,13,see,0.6803757548332214
cvae_P6_L1e-06,4,agent,14,came,0.6458724141120911
cvae_P6_L1e-06,4,agent,15,sat,0.643179714679718
cvae_P6_L1e-06,4,agent,16,feel,0.6000810265541077
cvae_P6_L1e-06,4,agent,17,going,0.5613649487495422
cvae_P6_L1e-06,4,agent,18,go,0.5586146116256714
cvae_P6_L1e-06,4,agent,19,put,0.5458509922027588
cvae_P6_L1e-06,4,agent,20,stood,0.5363502502441406
cvae_P6_L1e-06,4,agent,21,say,0.5300018191337585
cvae_P6_L1e-06,4,agent,22,do,0.5193746089935303
cvae_P6_L1e-06,4,agent,23,got,0.5065898895263672
cvae_P6_L1e-06,4,agent,24,tell,0.5050572156906128
cvae_P6_L1e-06,4,agent,25,get,0.49638140201568604
cvae_P6_L1e-06,4,agent,26,left,0.49110621213912964
cvae_P6_L1e-06,4,agent,27,come,0.4684268832206726
cvae_P6_L1e-06,4,agent,28,let,0.46206825971603394
cvae_P6_L1e-06,4,agent,29,like,0.4276834726333618
cvae_P6_L1e-06,4,agent,30,take,0.41986241936683655
cvae_P6_L1e-06,4,agent,31,look,0.37991511821746826
cvae_P6_L1e-06,4,agent,32,need,0.37516266107559204
cvae_P6_L1e-06,4,agent,33,hear,0.37267959117889404
cvae_P6_L1e-06,4,agent,34,remember,0.35905852913856506
cvae_P6_L1e-06,4,agent,35,understand,0.3455687165260315
cvae_P6_L1e-06,4,agent,36,make,0.32267194986343384
cvae_P6_L1e-06,4,agent,37,read,0.31211310625076294
cvae_P6_L1e-06,4,agent,38,help,0.29916736483573914
cvae_P6_L1e-06,4,agent,39,spoke,0.2902720272541046
cvae_P6_L1e-06,4,agent,40,give,0.26914530992507935
cvae_P6_L1e-06,4,agent,41,ask,0.2591220736503601
cvae_P6_L1e-06,4,agent,42,try,0.2541217803955078
cvae_P6_L1e-06,4,agent,43,love,0.25246769189834595
cvae_P6_L1e-06,4,agent,44,believe,0.25138384103775024
cvae_P6_L1e-06,4,agent,45,mean,0.24600546061992645
cvae_P6_L1e-06,4,agent,46,find,0.2288624346256256
cvae_P6_L1e-06,4,agent,47,arrived,0.2246537059545517
cvae_P6_L1e-06,4,agent,48,stop,0.2127174288034439
cvae_P6_L1e-06,4,agent,49,become,0.20493732392787933
cvae_P6_L1e-06,4,agent,50,sitting,0.1895119547843933
cvae_P6_L1e-06,4,patient,1,tell,0.9782366156578064
cvae_P6_L1e-06,4,patient,2,see,0.92580646276474
cvae_P6_L1e-06,4,patient,3,asked,0.8600351214408875
cvae_P6_L1e-06,4,patient,4,take,0.7310347557067871
cvae_P6_L1e-06,4,patient,5,saw,0.692712664604187
cvae_P6_L1e-06,4,patient,6,help,0.6504101157188416
cvae_P6_L1e-06,4,patient,7,left,0.6187078356742859
cvae_P6_L1e-06,4,patient,8,ask,0.6067473888397217
cvae_P6_L1e-06,4,patient,9,put,0.5989021062850952
cvae_P6_L1e-06,4,patient,10,find,0.5759796500205994
cvae_P6_L1e-06,4,patient,11,love,0.5725514888763428
cvae_P6_L1e-06,4,patient,12,thank,0.548042356967926
cvae_P6_L1e-06,4,patient,13,know,0.5466932058334351
cvae_P6_L1e-06,4,patient,14,get,0.5182497501373291
cvae_P6_L1e-06,4,patient,15,call,0.5145595073699951
cvae_P6_L1e-06,4,patient,16,keep,0.5132810473442078
cvae_P6_L1e-06,4,patient,17,meet,0.4242496192455292
cvae_P6_L1e-06,4,patient,18,hurt,0.4232754409313202
cvae_P6_L1e-06,4,patient,19,leave,0.42067769169807434
cvae_P6_L1e-06,4,patient,20,watching,0.4041866362094879
cvae_P6_L1e-06,4,patient,21,bring,0.4038417935371399
cvae_P6_L1e-06,4,patient,22,gone,0.3770139813423157
cvae_P6_L1e-06,4,patient,23,asking,0.3544099032878876
cvae_P6_L1e-06,4,patient,24,married,0.35246744751930237
cvae_P6_L1e-06,4,patient,25,stop,0.3363262414932251
cvae_P6_L1e-06,4,patient,26,leaving,0.3346105217933655
cvae_P6_L1e-06,4,patient,27,visit,0.3063492774963379
cvae_P6_L1e-06,4,patient,28,kiss,0.29993540048599243
cvae_P6_L1e-06,4,patient,29,kill,0.27615028619766235
cvae_P6_L1e-06,4,patient,30,show,0.2540338337421417
cvae_P6_L1e-06,4,patient,31,remind,0.23520392179489136
cvae_P6_L1e-06,4,patient,32,believe,0.23040324449539185
cvae_P6_L1e-06,4,patient,33,touch,0.22853906452655792
cvae_P6_L1e-06,4,patient,34,let,0.21811604499816895
cvae_P6_L1e-06,4,patient,35,pull,0.21759141981601715
cvae_P6_L1e-06,4,patient,36,teach,0.2103930562734604
cvae_P6_L1e-06,4,patient,37,give,0.2093992531299591
cvae_P6_L1e-06,4,patient,38,force,0.20666414499282837
cvae_P6_L1e-06,4,patient,39,join,0.20633521676063538
cvae_P6_L1e-06,4,patient,40,like,0.20446833968162537
cvae_P6_L1e-06,4,patient,41,hear,0.19809433817863464
cvae_P6_L1e-06,4,patient,42,send,0.19426995515823364
cvae_P6_L1e-06,4,patient,43,forgive,0.1915329545736313
cvae_P6_L1e-06,4,patient,44,trust,0.18081851303577423
cvae_P6_L1e-06,4,patient,45,remember,0.18015120923519135
cvae_P6_L1e-06,4,patient,46,protect,0.17255018651485443
cvae_P6_L1e-06,4,patient,47,hold,0.1680118888616562
cvae_P6_L1e-06,4,patient,48,have,0.15923190116882324
cvae_P6_L1e-06,4,patient,49,throw,0.15017518401145935
cvae_P6_L1e-06,4,patient,50,approach,0.1476372480392456
cvae_P6_L1e-06,4,possessive,1,mother,1.140755534172058
cvae_P6_L1e-06,4,possessive,2,face,1.0257591009140015
cvae_P6_L1e-06,4,possessive,3,head,1.0161831378936768
cvae_P6_L1e-06,4,possessive,4,hand,0.9685707688331604
cvae_P6_L1e-06,4,possessive,5,father,0.8825066685676575
cvae_P6_L1e-06,4,possessive,6,life,0.8801296353340149
cvae_P6_L1e-06,4,possessive,7,hair,0.8282576203346252
cvae_P6_L1e-06,4,possessive,8,husband,0.8124281167984009
cvae_P6_L1e-06,4,possessive,9,voice,0.8034764528274536
cvae_P6_L1e-06,4,possessive,10,sister,0.7797829508781433
cvae_P6_L1e-06,4,possessive,11,room,0.7281455993652344
cvae_P6_L1e-06,4,possessive,12,body,0.7163915038108826
cvae_P6_L1e-06,4,possessive,13,mouth,0.7105810642242432
cvae_P6_L1e-06,4,possessive,14,daughter,0.7040119171142578
cvae_P6_L1e-06,4,possessive,15,mind,0.6970983743667603
cvae_P6_L1e-06,4,possessive,16,heart,0.6122567653656006
cvae_P6_L1e-06,4,possessive,17,family,0.6074638366699219
cvae_P6_L1e-06,4,possessive,18,brother,0.5826425552368164
cvae_P6_L1e-06,4,possessive,19,arm,0.5719783902168274
cvae_P6_L1e-06,4,possessive,20,bed,0.5616476535797119
cvae_P6_L1e-06,4,possessive,21,way,0.560736894607544
cvae_P6_L1e-06,4,possessive,22,name,0.554816722869873
cvae_P6_L1e-06,4,possessive,23,aunt,0.5447952151298523
cvae_P6_L1e-06,4,possessive,24,own,0.5336958765983582
cvae_P6_L1e-06,4,possessive,25,shoulder,0.5312891006469727
cvae_P6_L1e-06,4,possessive,26,neck,0.5312299728393555
cvae_P6_L1e-06,4,possessive,27,death,0.5234214663505554
cvae_P6_L1e-06,4,possessive,28,grandmother,0.5231250524520874
cvae_P6_L1e-06,4,possessive,29,throat,0.5176929831504822
cvae_P6_L1e-06,4,possessive,30,son,0.5146945118904114
cvae_P6_L1e-06,4,possessive,31,uncle,0.5119386911392212
cvae_P6_L1e-06,4,possessive,32,skin,0.5077242255210876
cvae_P6_L1e-06,4,possessive,33,mom,0.4982510507106781
cvae_P6_L1e-06,4,possessive,34,chest,0.48336994647979736
cvae_P6_L1e-06,4,possessive,35,phone,0.4678426682949066
cvae_P6_L1e-06,4,possessive,36,back,0.452335000038147
cvae_P6_L1e-06,4,possessive,37,friend,0.4393162429332733
cvae_P6_L1e-06,4,possessive,38,cheek,0.428189218044281
cvae_P6_L1e-06,4,possessive,39,apartment,0.4250176250934601
cvae_P6_L1e-06,4,possessive,40,stomach,0.4029724597930908
cvae_P6_L1e-06,4,possessive,41,dad,0.39380404353141785
cvae_P6_L1e-06,4,possessive,42,nose,0.39327549934387207
cvae_P6_L1e-06,4,possessive,43,dress,0.38846591114997864
cvae_P6_L1e-06,4,possessive,44,gaze,0.3605521619319916
cvae_P6_L1e-06,4,possessive,45,work,0.3600221574306488
cvae_P6_L1e-06,4,possessive,46,surprise,0.359112024307251
cvae_P6_L1e-06,4,possessive,47,home,0.3546367585659027
cvae_P6_L1e-06,4,possessive,48,side,0.34262341260910034
cvae_P6_L1e-06,4,possessive,49,breath,0.323283314704895
cvae_P6_L1e-06,4,possessive,50,lover,0.3197050988674164
cvae_P6_L1e-06,4,predicative,1,sure,0.8226881623268127
cvae_P6_L1e-06,4,predicative,2,sorry,0.7042374014854431
cvae_P6_L1e-06,4,predicative,3,afraid,0.6411991715431213
cvae_P6_L1e-06,4,predicative,4,girl,0.634363055229187
cvae_P6_L1e-06,4,predicative,5,happy,0.5931634306907654
cvae_P6_L1e-06,4,predicative,6,old,0.5502218008041382
cvae_P6_L1e-06,4,predicative,7,right,0.5432581305503845
cvae_P6_L1e-06,4,predicative,8,tired,0.5206822752952576
cvae_P6_L1e-06,4,predicative,9,beautiful,0.44855982065200806
cvae_P6_L1e-06,4,predicative,10,good,0.4349057376384735
cvae_P6_L1e-06,4,predicative,11,aware,0.43034520745277405
cvae_P6_L1e-06,4,predicative,12,ready,0.42717692255973816
cvae_P6_L1e-06,4,predicative,13,woman,0.4187696874141693
cvae_P6_L1e-06,4,predicative,14,busy,0.4008171558380127
cvae_P6_L1e-06,4,predicative,15,child,0.3463764488697052
cvae_P6_L1e-06,4,predicative,16,fine,0.3358033001422882
cvae_P6_L1e-06,4,predicative,17,person,0.3329990804195404
cvae_P6_L1e-06,4,predicative,18,dead,0.32985007762908936
cvae_P6_L1e-06,4,predicative,19,angry,0.3285599648952484
cvae_P6_L1e-06,4,predicative,20,sick,0.32598552107810974
cvae_P6_L1e-06,4,predicative,21,lucky,0.3227181136608124
cvae_P6_L1e-06,4,predicative,22,asleep,0.3196634352207184
cvae_P6_L1e-06,4,predicative,23,mother,0.3162994384765625
cvae_P6_L1e-06,4,predicative,24,sister,0.262224406003952
cvae_P6_L1e-06,4,predicative,25,close,0.25864407420158386
cvae_P6_L1e-06,4,predicative,26,pregnant,0.25427842140197754
cvae_P6_L1e-06,4,predicative,27,alone,0.24838122725486755
cvae_P6_L1e-06,4,predicative,28,nervous,0.2430339902639389
cvae_P6_L1e-06,4,predicative,29,daughter,0.22250305116176605
cvae_P6_L1e-06,4,predicative,30,frightened,0.17983102798461914
cvae_P6_L1e-06,4,predicative,31,scared,0.17746186256408691
cvae_P6_L1e-06,4,predicative,32,free,0.17612585425376892
cvae_P6_L1e-06,4,predicative,33,hungry,0.16296762228012085
cvae_P6_L1e-06,4,predicative,34,man,0.15525606274604797
cvae_P6_L1e-06,4,predicative,35,part,0.1522301435470581
cvae_P6_L1e-06,4,predicative,36,proud,0.1518549770116806
cvae_P6_L1e-06,4,predicative,37,interested,0.138327956199646
cvae_P6_L1e-06,4,predicative,38,ill,0.10065263509750366
cvae_P6_L1e-06,4,predicative,39,mistress,0.09929902851581573
cvae_P6_L1e-06,4,predicative,40,wife,0.09727637469768524
cvae_P6_L1e-06,4,predicative,41,prostitute,0.09529008716344833
cvae_P6_L1e-06,4,predicative,42,anxious,0.08581827580928802
cvae_P6_L1e-06,4,predicative,43,friend,0.08474937826395035
cvae_P6_L1e-06,4,predicative,44,wrong,0.08144284039735794
cvae_P6_L1e-06,4,predicative,45,awake,0.0767756924033165
cvae_P6_L1e-06,4,predicative,46,upset,0.06575857102870941
cvae_P6_L1e-06,4,predicative,47,determined,0.06284485757350922
cvae_P6_L1e-06,4,predicative,48,well,0.06219245865941048
cvae_P6_L1e-06,4,predicative,49,concerned,0.060324378311634064
cvae_P6_L1e-06,4,predicative,50,servant,0.05399118363857269
cvae_P6_L1e-06,5,agent,1,said,1.377474069595337
cvae_P6_L1e-06,5,agent,2,had,0.9620836973190308
cvae_P6_L1e-06,5,agent,3,looked,0.9099006056785583
cvae_P6_L1e-06,5,agent,4,asked,0.8844040632247925
cvae_P6_L1e-06,5,agent,5,know,0.7932008504867554
cvae_P6_L1e-06,5,agent,6,have,0.7907283902168274
cvae_P6_L1e-06,5,agent,7,felt,0.7874404788017273
cvae_P6_L1e-06,5,agent,8,thought,0.7816418409347534
cvae_P6_L1e-06,5,agent,9,saw,0.7649450898170471
cvae_P6_L1e-06,5,agent,10,wanted,0.7122504711151123
cvae_P6_L1e-06,5,agent,11,want,0.7108432054519653
cvae_P6_L1e-06,5,agent,12,think,0.667790949344635
cvae_P6_L1e-06,5,agent,13,sat,0.6398371458053589
cvae_P6_L1e-06,5,agent,14,see,0.6386362314224243
cvae_P6_L1e-06,5,agent,15,came,0.5910722613334656
cvae_P6_L1e-06,5,agent,16,say,0.5807536244392395
cvae_P6_L1e-06,5,agent,17,put,0.5690656900405884
cvae_P6_L1e-06,5,agent,18,go,0.5527236461639404
cvae_P6_L1e-06,5,agent,19,stood,0.545219898223877
cvae_P6_L1e-06,5,agent,20,left,0.5437754392623901
cvae_P6_L1e-06,5,agent,21,feel,0.533812403678894
cvae_P6_L1e-06,5,agent,22,do,0.5326104760169983
cvae_P6_L1e-06,5,agent,23,got,0.5203744769096375
cvae_P6_L1e-06,5,agent,24,going,0.5103192329406738
cvae_P6_L1e-06,5,agent,25,come,0.49844446778297424
cvae_P6_L1e-06,5,agent,26,tell,0.48564961552619934
cvae_P6_L1e-06,5,agent,27,get,0.48138096928596497
cvae_P6_L1e-06,5,agent,28,remember,0.46491682529449463
cvae_P6_L1e-06,5,agent,29,let,0.4520275592803955
cvae_P6_L1e-06,5,agent,30,like,0.4276401400566101
cvae_P6_L1e-06,5,agent,31,look,0.41950616240501404
cvae_P6_L1e-06,5,agent,32,understand,0.3880680799484253
cvae_P6_L1e-06,5,agent,33,hear,0.3743482828140259
cvae_P6_L1e-06,5,agent,34,need,0.3661530613899231
cvae_P6_L1e-06,5,agent,35,ask,0.33809351921081543
cvae_P6_L1e-06,5,agent,36,take,0.3326505422592163
cvae_P6_L1e-06,5,agent,37,make,0.3013571798801422
cvae_P6_L1e-06,5,agent,38,read,0.2971680760383606
cvae_P6_L1e-06,5,agent,39,find,0.29249346256256104
cvae_P6_L1e-06,5,agent,40,spoke,0.2898460328578949
cvae_P6_L1e-06,5,agent,41,help,0.27879974246025085
cvae_P6_L1e-06,5,agent,42,become,0.26698771119117737
cvae_P6_L1e-06,5,agent,43,mean,0.2641561031341553
cvae_P6_L1e-06,5,agent,44,love,0.261425256729126
cvae_P6_L1e-06,5,agent,45,arrived,0.24963366985321045
cvae_P6_L1e-06,5,agent,46,stop,0.24795272946357727
cvae_P6_L1e-06,5,agent,47,try,0.23622694611549377
cvae_P6_L1e-06,5,agent,48,leave,0.23201021552085876
cvae_P6_L1e-06,5,agent,49,believe,0.22768323123455048
cvae_P6_L1e-06,5,agent,50,gone,0.2028881311416626
cvae_P6_L1e-06,5,patient,1,tell,1.03941011428833
cvae_P6_L1e-06,5,patient,2,see,0.9660396575927734
cvae_P6_L1e-06,5,patient,3,asked,0.8237861394882202
cvae_P6_L1e-06,5,patient,4,take,0.773777186870575
cvae_P6_L1e-06,5,patient,5,saw,0.6786080002784729
cvae_P6_L1e-06,5,patient,6,thank,0.6142457723617554
cvae_P6_L1e-06,5,patient,7,love,0.6082632541656494
cvae_P6_L1e-06,5,patient,8,help,0.5874159336090088
cvae_P6_L1e-06,5,patient,9,know,0.5822259187698364
cvae_P6_L1e-06,5,patient,10,ask,0.5795829892158508
cvae_P6_L1e-06,5,patient,11,find,0.5733839869499207
cvae_P6_L1e-06,5,patient,12,put,0.568077027797699
cvae_P6_L1e-06,5,patient,13,left,0.553990364074707
cvae_P6_L1e-06,5,patient,14,keep,0.5537757873535156
cvae_P6_L1e-06,5,patient,15,get,0.5134084224700928
cvae_P6_L1e-06,5,patient,16,call,0.47879061102867126
cvae_P6_L1e-06,5,patient,17,bring,0.4468354880809784
cvae_P6_L1e-06,5,patient,18,asking,0.42224767804145813
cvae_P6_L1e-06,5,patient,19,watching,0.415642648935318
cvae_P6_L1e-06,5,patient,20,leave,0.4019436240196228
cvae_P6_L1e-06,5,patient,21,meet,0.38539645075798035
cvae_P6_L1e-06,5,patient,22,hurt,0.37324169278144836
cvae_P6_L1e-06,5,patient,23,gone,0.36618319153785706
cvae_P6_L1e-06,5,patient,24,stop,0.3380921483039856
cvae_P6_L1e-06,5,patient,25,leaving,0.3257066309452057
cvae_P6_L1e-06,5,patient,26,married,0.3228680193424225
cvae_P6_L1e-06,5,patient,27,visit,0.29178446531295776
cvae_P6_L1e-06,5,patient,28,kill,0.2885701656341553
cvae_P6_L1e-06,5,patient,29,remind,0.27205389738082886
cvae_P6_L1e-06,5,patient,30,believe,0.2508018910884857
cvae_P6_L1e-06,5,patient,31,let,0.24523325264453888
cvae_P6_L1e-06,5,patient,32,kiss,0.24310271441936493
cvae_P6_L1e-06,5,patient,33,touch,0.23932065069675446
cvae_P6_L1e-06,5,patient,34,show,0.23095622658729553
cvae_P6_L1e-06,5,patient,35,send,0.218496173620224
cvae_P6_L1e-06,5,patient,36,join,0.21693742275238037
cvae_P6_L1e-06,5,patient,37,force,0.20304374396800995
cvae_P6_L1e-06,5,patient,38,protect,0.20168809592723846
cvae_P6_L1e-06,5,patient,39,hold,0.2012072205543518
cvae_P6_L1e-06,5,patient,40,give,0.19923189282417297
cvae_P6_L1e-06,5,patient,41,remember,0.19813957810401917
cvae_P6_L1e-06,5,patient,42,miss,0.19067199528217316
cvae_P6_L1e-06,5,patient,43,watch,0.18590803444385529
cvae_P6_L1e-06,5,patient,44,pull,0.18568216264247894
cvae_P6_L1e-06,5,patient,45,hear,0.17591457068920135
cvae_P6_L1e-06,5,patient,46,got,0.16958077251911163
cvae_P6_L1e-06,5,patient,47,teach,0.15382468700408936
cvae_P6_L1e-06,5,patient,48,recognize,0.15351912379264832
cvae_P6_L1e-06,5,patient,49,like,0.1515955775976181
cvae_P6_L1e-06,5,patient,50,cut,0.14947552978992462
cvae_P6_L1e-06,5,possessive,1,mother,1.1557598114013672
cvae_P6_L1e-06,5,possessive,2,face,1.0692999362945557
cvae_P6_L1e-06,5,possessive,3,head,1.0485107898712158
cvae_P6_L1e-06,5,possessive,4,hand,0.9226431846618652
cvae_P6_L1e-06,5,possessive,5,father,0.8888998627662659
cvae_P6_L1e-06,5,possessive,6,husband,0.8317661285400391
cvae_P6_L1e-06,5,possessive,7,life,0.8311508893966675
cvae_P6_L1e-06,5,possessive,8,hair,0.8187735676765442
cvae_P6_L1e-06,5,possessive,9,sister,0.8010872006416321
cvae_P6_L1e-06,5,possessive,10,voice,0.7895229458808899
cvae_P6_L1e-06,5,possessive,11,room,0.7397351264953613
cvae_P6_L1e-06,5,possessive,12,body,0.7105798721313477
cvae_P6_L1e-06,5,possessive,13,daughter,0.7080580592155457
cvae_P6_L1e-06,5,possessive,14,mind,0.7029826641082764
cvae_P6_L1e-06,5,possessive,15,heart,0.6877325773239136
cvae_P6_L1e-06,5,possessive,16,mouth,0.6610500812530518
cvae_P6_L1e-06,5,possessive,17,family,0.6239860653877258
cvae_P6_L1e-06,5,possessive,18,way,0.5964871048927307
cvae_P6_L1e-06,5,possessive,19,death,0.5603939294815063
cvae_P6_L1e-06,5,possessive,20,son,0.5566178560256958
cvae_P6_L1e-06,5,possessive,21,name,0.5563435554504395
cvae_P6_L1e-06,5,possessive,22,arm,0.532264232635498
cvae_P6_L1e-06,5,possessive,23,bed,0.5245745778083801
cvae_P6_L1e-06,5,possessive,24,aunt,0.5060011744499207
cvae_P6_L1e-06,5,possessive,25,neck,0.5051094889640808
cvae_P6_L1e-06,5,possessive,26,brother,0.5034806728363037
cvae_P6_L1e-06,5,possessive,27,shoulder,0.5025354027748108
cvae_P6_L1e-06,5,possessive,28,uncle,0.4969111382961273
cvae_P6_L1e-06,5,possessive,29,own,0.49402549862861633
cvae_P6_L1e-06,5,possessive,30,skin,0.4916574954986572
cvae_P6_L1e-06,5,possessive,31,phone,0.4821523129940033
cvae_P6_L1e-06,5,possessive,32,friend,0.4722781181335449
cvae_P6_L1e-06,5,possessive,33,mom,0.46831202507019043
cvae_P6_L1e-06,5,possessive,34,throat,0.45698145031929016
cvae_P6_L1e-06,5,possessive,35,back,0.4516536295413971
cvae_P6_L1e-06,5,possessive,36,chest,0.4320259392261505
cvae_P6_L1e-06,5,possessive,37,grandmother,0.4227930009365082
cvae_P6_L1e-06,5,possessive,38,stomach,0.4142126739025116
cvae_P6_L1e-06,5,possessive,39,apartment,0.39893028140068054
cvae_P6_L1e-06,5,possessive,40,home,0.3934791684150696
cvae_P6_L1e-06,5,possessive,41,side,0.3854767680168152
cvae_P6_L1e-06,5,possessive,42,gaze,0.38339582085609436
cvae_P6_L1e-06,5,possessive,43,cheek,0.3823747932910919
cvae_P6_L1e-06,5,possessive,44,breath,0.38174334168434143
cvae_P6_L1e-06,5,possessive,45,dress,0.3767305612564087
cvae_P6_L1e-06,5,possessive,46,surprise,0.3731922507286072
cvae_P6_L1e-06,5,possessive,47,house,0.3637148439884186
cvae_P6_L1e-06,5,possessive,48,dad,0.344593346118927
cvae_P6_L1e-06,5,possessive,49,nose,0.32569825649261475
cvae_P6_L1e-06,5,possessive,50,work,0.30846264958381653
cvae_P6_L1e-06,5,predicative,1,sure,0.8250871896743774
cvae_P6_L1e-06,5,predicative,2,sorry,0.6653356552124023
cvae_P6_L1e-06,5,predicative,3,happy,0.6571815013885498
cvae_P6_L1e-06,5,predicative,4,girl,0.6049630641937256
cvae_P6_L1e-06,5,predicative,5,right,0.5957537889480591
cvae_P6_L1e-06,5,predicative,6,afraid,0.5844763517379761
cvae_P6_L1e-06,5,predicative,7,old,0.5267921090126038
cvae_P6_L1e-06,5,predicative,8,tired,0.4708796441555023
cvae_P6_L1e-06,5,predicative,9,beautiful,0.45968708395957947
cvae_P6_L1e-06,5,predicative,10,busy,0.42349186539649963
cvae_P6_L1e-06,5,predicative,11,good,0.4085516631603241
cvae_P6_L1e-06,5,predicative,12,ready,0.4010929763317108
cvae_P6_L1e-06,5,predicative,13,angry,0.3860078454017639
cvae_P6_L1e-06,5,predicative,14,woman,0.38567090034484863
cvae_P6_L1e-06,5,predicative,15,aware,0.38545915484428406
cvae_P6_L1e-06,5,predicative,16,dead,0.3755473792552948
cvae_P6_L1e-06,5,predicative,17,child,0.36462295055389404
cvae_P6_L1e-06,5,predicative,18,fine,0.331324964761734
cvae_P6_L1e-06,5,predicative,19,person,0.32970094680786133
cvae_P6_L1e-06,5,predicative,20,asleep,0.3197096288204193
cvae_P6_L1e-06,5,predicative,21,lucky,0.3161904513835907
cvae_P6_L1e-06,5,predicative,22,sister,0.2885872721672058
cvae_P6_L1e-06,5,predicative,23,mother,0.2880952060222626
cvae_P6_L1e-06,5,predicative,24,sick,0.2858836054801941
cvae_P6_L1e-06,5,predicative,25,close,0.2513781785964966
cvae_P6_L1e-06,5,predicative,26,man,0.2506237328052521
cvae_P6_L1e-06,5,predicative,27,alone,0.24455372989177704
cvae_P6_L1e-06,5,predicative,28,pregnant,0.23618756234645844
cvae_P6_L1e-06,5,predicative,29,free,0.21584387123584747
cvae_P6_L1e-06,5,predicative,30,scared,0.2046833336353302
cvae_P6_L1e-06,5,predicative,31,nervous,0.20259088277816772
cvae_P6_L1e-06,5,predicative,32,daughter,0.18726123869419098
cvae_P6_L1e-06,5,predicative,33,hungry,0.17066410183906555
cvae_P6_L1e-06,5,predicative,34,proud,0.15953797101974487
cvae_P6_L1e-06,5,predicative,35,friend,0.15568840503692627
cvae_P6_L1e-06,5,predicative,36,mistress,0.14903847873210907
cvae_P6_L1e-06,5,predicative,37,part,0.1480320394039154
cvae_P6_L1e-06,5,predicative,38,frightened,0.1296183466911316
cvae_P6_L1e-06,5,predicative,39,ill,0.11119980365037918
cvae_P6_L1e-06,5,predicative,40,awake,0.10252204537391663
cvae_P6_L1e-06,5,predicative,41,wrong,0.10128896683454514
cvae_P6_L1e-06,5,predicative,42,concerned,0.0997331291437149
cvae_P6_L1e-06,5,predicative,43,prostitute,0.09894287586212158
cvae_P6_L1e-06,5,predicative,44,first,0.09469589591026306
cvae_P6_L1e-06,5,predicative,45,wife,0.09353579580783844
cvae_P6_L1e-06,5,predicative,46,servant,0.08708664029836655
cvae_P6_L1e-06,5,predicative,47,interested,0.08363411575555801
cvae_P6_L1e-06,5,predicative,48,one,0.07986494898796082
cvae_P6_L1e-06,5,predicative,49,upset,0.07067366689443588
cvae_P6_L1e-06,5,predicative,50,sad,0.06675390899181366
