Character_ID,Character_Name,Mention_Text,Mention_Type,Category,Start_Token,End_Token
421,"a lovely girl , with whom he was going to have dim sum the next morning , and a week 's subsidy would probably cover the expense","a lovely girl , with whom he was going to have dim sum the next morning , and a week 's subsidy would probably cover the expense",NOM,PER,172,198
421,"a lovely girl , with whom he was going to have dim sum the next morning , and a week 's subsidy would probably cover the expense",her,PRON,PER,218,218
421,"a lovely girl , with whom he was going to have dim sum the next morning , and a week 's subsidy would probably cover the expense",her,PRON,PER,232,232
447,One of them,One of them,NOM,PER,603,605
447,One of them,her,PRON,PER,614,614
454,the night manager,the night manager,NOM,PER,689,691
184,Meimei,Meimei,PROP,PER,791,791
184,Meimei,She,PRON,PER,799,799
454,the night manager,me,PRON,PER,867,867
454,the night manager,the night manager,NOM,PER,920,922
465,a young girl,a young girl,NOM,PER,980,982
465,a young girl,her,PRON,PER,1007,1007
469,the girl,The girl,NOM,PER,1066,1067
469,the girl,her,PRON,PER,1076,1076
469,the girl,her,PRON,PER,1079,1079
469,the girl,the girl,NOM,PER,1204,1205
469,the girl,her,PRON,PER,1212,1212
469,the girl,she,PRON,PER,1215,1215
469,the girl,She,PRON,PER,1219,1219
469,the girl,her,PRON,PER,1228,1228
469,the girl,her,PRON,PER,1235,1235
469,the girl,she,PRON,PER,1272,1272
469,the girl,she,PRON,PER,1329,1329
469,the girl,she,PRON,PER,1333,1333
469,the girl,her,PRON,PER,1341,1341
469,the girl,I,PRON,PER,1349,1349
469,the girl,her,PRON,PER,1382,1382
469,the girl,the girl,NOM,PER,1638,1639
469,the girl,the girl,NOM,PER,1921,1922
469,the girl,She,PRON,PER,1930,1930
469,the girl,the girl,NOM,PER,2078,2079
508,Character_508,She,PRON,PER,2151,2151
508,Character_508,she,PRON,PER,2161,2161
508,Character_508,She,PRON,PER,2187,2187
508,Character_508,her,PRON,PER,2199,2199
469,the girl,the girl,NOM,PER,2217,2218
469,the girl,her,PRON,PER,2238,2238
469,the girl,the girl,NOM,PER,2331,2332
469,the girl,she,PRON,PER,2347,2347
542,the old woman,the old woman,NOM,PER,2783,2785
542,the old woman,her,PRON,PER,2792,2792
542,the old woman,I,PRON,PER,2797,2797
469,the girl,the girl,NOM,PER,3038,3039
469,the girl,her,PRON,PER,3052,3052
589,Character_589,she,PRON,PER,3902,3902
589,Character_589,her,PRON,PER,3914,3914
589,Character_589,she,PRON,PER,3965,3965
676,"A waitress , also in red - and- white - striped pajamas","A waitress , also in red - and- white - striped pajamas",NOM,PER,6725,6736
676,"A waitress , also in red - and- white - striped pajamas",her,PRON,PER,6742,6742
677,the waitress,The waitress,NOM,PER,6820,6821
677,the waitress,her,PRON,PER,6828,6828
465,a young girl,a young girl,NOM,PER,7112,7114
465,a young girl,her,PRON,PER,7117,7117
465,a young girl,her,PRON,PER,7127,7127
715,two massage girls,two massage girls,NOM,PER,7593,7595
715,two massage girls,they,PRON,PER,7616,7616
715,two massage girls,their,PRON,PER,7625,7625
715,two massage girls,She,PRON,PER,7662,7662
715,two massage girls,her,PRON,PER,7698,7698
715,two massage girls,her,PRON,PER,7705,7705
469,the girl,The girl,NOM,PER,7778,7779
469,the girl,herself,PRON,PER,7787,7787
469,the girl,she,PRON,PER,7793,7793
469,the girl,her,PRON,PER,7798,7798
469,the girl,her,PRON,PER,7808,7808
469,the girl,my,PRON,PER,7821,7821
469,the girl,she,PRON,PER,7826,7826
469,the girl,her,PRON,PER,7833,7833
469,the girl,her,PRON,PER,7839,7839
469,the girl,she,PRON,PER,7848,7848
469,the girl,her,PRON,PER,7857,7857
469,the girl,her,PRON,PER,7866,7866
469,the girl,her,PRON,PER,7874,7874
469,the girl,the girl,NOM,PER,8834,8835
469,the girl,her,PRON,PER,8840,8840
762,A massage girl,A massage girl,NOM,PER,8990,8992
762,A massage girl,her,PRON,PER,9007,9007
762,A massage girl,her,PRON,PER,9015,9015
762,A massage girl,her,PRON,PER,9021,9021
762,A massage girl,her,PRON,PER,9024,9024
762,A massage girl,her,PRON,PER,9028,9028
219,Peiqin,Peiqin,PROP,PER,10560,10560
219,Peiqin,She,PRON,PER,10569,10569
220,Old Geng,Old Geng,PROP,PER,10575,10576
219,Peiqin,Peiqin,PROP,PER,10594,10594
830,Character_830,she,PRON,PER,10605,10605
220,Old Geng,Old Geng,PROP,PER,10632,10633
220,Old Geng,Old Geng,PROP,PER,10654,10655
830,Character_830,her,PRON,PER,10659,10659
830,Character_830,she,PRON,PER,10671,10671
220,Old Geng,Old Geng,PROP,PER,10699,10700
904,his mother,his mother,NOM,PER,12613,12614
904,his mother,his mother,NOM,PER,12642,12643
904,his mother,herself,PRON,PER,12650,12650
904,his mother,her,PRON,PER,12660,12660
904,his mother,her,PRON,PER,12675,12675
542,the old woman,the old woman,NOM,PER,12695,12697
904,his mother,his mother,NOM,PER,13255,13256
964,my mother,my mother,NOM,PER,13529,13530
979,a woman,A woman,NOM,PER,13747,13748
979,a woman,herself,PRON,PER,13753,13753
979,a woman,her,PRON,PER,13760,13760
229,Wang Feng,Wang Feng,PROP,PER,14077,14078
229,Wang Feng,She,PRON,PER,14080,14080
997,his friend,his friend,NOM,PER,14258,14259
997,his friend,her,PRON,PER,14293,14293
232,Catherine,Catherine Rohn,PROP,PER,14317,14318
5499,the author,the author,NOM,PER,14772,14773
964,my mother,My mother,NOM,PER,15253,15254
964,my mother,her,PRON,PER,15257,15257
964,my mother,her,PRON,PER,15274,15274
1083,your mother,your mother,NOM,PER,16429,16430
1083,your mother,your mother,NOM,PER,16527,16528
1083,your mother,her,PRON,PER,16545,16545
1083,your mother,her,PRON,PER,16547,16547
904,his mother,his mother,NOM,PER,16810,16811
904,his mother,his mother,NOM,PER,16835,16836
904,his mother,his mother,NOM,PER,16885,16886
904,his mother,She,PRON,PER,16907,16907
904,his mother,her,PRON,PER,16911,16911
904,his mother,her,PRON,PER,16918,16918
904,his mother,She,PRON,PER,16937,16937
904,his mother,she,PRON,PER,16953,16953
904,his mother,her,PRON,PER,16969,16969
904,his mother,she,PRON,PER,16982,16982
904,his mother,her,PRON,PER,16990,16990
904,his mother,his mother,NOM,PER,17037,17038
904,his mother,her,PRON,PER,17062,17062
904,his mother,his mother,NOM,PER,17076,17077
5499,the author,the author,NOM,PER,17512,17513
1178,an old woman,an old woman,NOM,PER,18298,18300
1178,an old woman,her,PRON,PER,18303,18303
1178,an old woman,her,PRON,PER,18332,18332
1178,an old woman,her,PRON,PER,18339,18339
240,Darling,Darling,PROP,PER,18732,18732
240,Darling,her,PRON,PER,18750,18750
241,Jun Tin,Jun Tin,PROP,PER,18760,18761
241,Jun Tin,her,PRON,PER,18770,18770
242,Rain Cloud,Rain Cloud,PROP,PER,18836,18837
5523,a Chinese woman,a Chinese woman,NOM,PER,18856,18858
5523,a Chinese woman,her,PRON,PER,18860,18860
5499,the author,the author,NOM,PER,18877,18878
242,Rain Cloud,Rain,PROP,PER,18880,18880
5499,the author,she,PRON,PER,18908,18908
5499,the author,She,PRON,PER,18920,18920
5499,the author,her,PRON,PER,18939,18939
1226,The little secretary,The little secretary,NOM,PER,20036,20038
1226,The little secretary,She,PRON,PER,20045,20045
1237,a girl,a girl,NOM,PER,20385,20386
1237,a girl,her,PRON,PER,20397,20397
1237,a girl,She,PRON,PER,20411,20411
469,the girl,the girl,NOM,PER,20475,20476
243,An Jiayi,An Jiayi,PROP,PER,20951,20952
904,his mother,his mother,NOM,PER,21088,21089
904,his mother,herself,PRON,PER,21098,21098
904,his mother,she,PRON,PER,21112,21112
904,his mother,she,PRON,PER,21127,21127
904,his mother,his mother,NOM,PER,21195,21196
904,his mother,his mother,NOM,PER,21252,21253
243,An Jiayi,An Jiayi,PROP,PER,21402,21403
244,An,So An,PROP,PER,21405,21406
244,An,An,PROP,PER,21620,21620
244,An,her,PRON,PER,21622,21622
244,An,An,PROP,PER,21634,21634
244,An,An,PROP,PER,21674,21674
244,An,An,PROP,PER,21734,21734
244,An,An,PROP,PER,21841,21841
244,An,her,PRON,PER,21850,21850
244,An,An,PROP,PER,21875,21875
244,An,her,PRON,PER,21896,21896
244,An,her,PRON,PER,21941,21941
244,An,An,PROP,PER,21945,21945
244,An,her,PRON,PER,21955,21955
244,An,her,PRON,PER,21965,21965
244,An,An,PROP,PER,21994,21994
244,An,An,PROP,PER,22008,22008
244,An,she,PRON,PER,22024,22024
244,An,her,PRON,PER,22056,22056
244,An,She,PRON,PER,22061,22061
244,An,her,PRON,PER,22079,22079
244,An,her,PRON,PER,22098,22098
244,An,her,PRON,PER,22106,22106
244,An,her,PRON,PER,22115,22115
244,An,her,PRON,PER,22124,22124
1335,an anchorwoman,an anchorwoman,NOM,PER,22127,22128
244,An,she,PRON,PER,22133,22133
244,An,her,PRON,PER,22142,22142
244,An,she,PRON,PER,22196,22196
244,An,her,PRON,PER,22199,22199
244,An,her,PRON,PER,22215,22215
244,An,her,PRON,PER,22252,22252
244,An,her,PRON,PER,22312,22312
247,White Cloud,White Cloud,PROP,PER,22683,22684
1358,A nice girl,A nice girl,NOM,PER,22690,22692
1358,A nice girl,She,PRON,PER,22696,22696
1381,The young girl,The young girl,NOM,PER,23052,23054
1381,The young girl,her,PRON,PER,23065,23065
1381,The young girl,she,PRON,PER,23073,23073
1381,The young girl,her,PRON,PER,23082,23082
1381,The young girl,her,PRON,PER,23086,23086
1381,The young girl,her,PRON,PER,23098,23098
1381,The young girl,her,PRON,PER,23103,23103
1381,The young girl,her,PRON,PER,23110,23110
243,An Jiayi,An Jiayi,PROP,PER,23480,23481
243,An Jiayi,her,PRON,PER,23496,23496
243,An Jiayi,she,PRON,PER,23507,23507
243,An Jiayi,she,PRON,PER,23516,23516
244,An,An,PROP,PER,23585,23585
244,An,her,PRON,PER,23598,23598
244,An,she,PRON,PER,23634,23634
244,An,She,PRON,PER,23658,23658
244,An,she,PRON,PER,23666,23666
244,An,She,PRON,PER,23686,23686
244,An,she,PRON,PER,23694,23694
244,An,her,PRON,PER,23732,23732
244,An,She,PRON,PER,23736,23736
244,An,she,PRON,PER,23763,23763
244,An,She,PRON,PER,23798,23798
244,An,her,PRON,PER,23808,23808
244,An,her,PRON,PER,23866,23866
244,An,she,PRON,PER,23950,23950
244,An,hers,PRON,PER,23958,23958
244,An,her,PRON,PER,24048,24048
244,An,she,PRON,PER,24061,24061
244,An,she,PRON,PER,24070,24070
244,An,her,PRON,PER,24101,24101
244,An,She,PRON,PER,24110,24110
244,An,her,PRON,PER,24202,24202
244,An,She,PRON,PER,24208,24208
244,An,her,PRON,PER,24213,24213
244,An,her,PRON,PER,24220,24220
244,An,her,PRON,PER,24228,24228
244,An,her,PRON,PER,24254,24254
244,An,her,PRON,PER,24290,24290
244,An,her,PRON,PER,24302,24302
244,An,she,PRON,PER,24311,24311
1455,Character_1455,I,PRON,PER,24473,24473
1455,Character_1455,her,PRON,PER,24507,24507
1455,Character_1455,her,PRON,PER,24526,24526
1455,Character_1455,her,PRON,PER,24560,24560
904,his mother,his mother,NOM,PER,24951,24952
1466,Character_1466,her,PRON,PER,24958,24958
1466,Character_1466,her,PRON,PER,24976,24976
1466,Character_1466,her,PRON,PER,24983,24983
1466,Character_1466,she,PRON,PER,24990,24990
1466,Character_1466,she,PRON,PER,25009,25009
1466,Character_1466,her,PRON,PER,25030,25030
1466,Character_1466,she,PRON,PER,25047,25047
904,his mother,his mother,NOM,PER,25117,25118
251,Aunt Qiang,Aunt Qiang,PROP,PER,25322,25323
251,Aunt Qiang,She,PRON,PER,25348,25348
251,Aunt Qiang,She,PRON,PER,25374,25374
904,his mother,His mother,NOM,PER,25636,25637
904,his mother,She,PRON,PER,25669,25669
904,his mother,her,PRON,PER,25684,25684
904,his mother,she,PRON,PER,25691,25691
904,his mother,her,PRON,PER,25702,25702
904,his mother,I,PRON,PER,25714,25714
904,his mother,she,PRON,PER,25721,25721
904,his mother,her,PRON,PER,25732,25732
904,his mother,She,PRON,PER,25735,25735
904,his mother,she,PRON,PER,25755,25755
904,his mother,I,PRON,PER,25759,25759
904,his mother,her,PRON,PER,25814,25814
904,his mother,his mother,NOM,PER,25880,25881
904,his mother,she,PRON,PER,25888,25888
904,his mother,she,PRON,PER,25899,25899
1528,Character_1528,she,PRON,PER,26032,26032
1528,Character_1528,her,PRON,PER,26083,26083
1528,Character_1528,she,PRON,PER,26111,26111
254,Mother,Mother,PROP,PER,26157,26157
254,Mother,She,PRON,PER,26234,26234
254,Mother,she,PRON,PER,26370,26370
254,Mother,Mother,PROP,PER,26401,26401
254,Mother,she,PRON,PER,26508,26508
254,Mother,her,PRON,PER,26518,26518
254,Mother,She,PRON,PER,26524,26524
254,Mother,she,PRON,PER,26537,26537
254,Mother,she,PRON,PER,26548,26548
254,Mother,her,PRON,PER,26550,26550
254,Mother,her,PRON,PER,26557,26557
254,Mother,She,PRON,PER,26567,26567
904,his mother,his mother,NOM,PER,26801,26802
904,his mother,her,PRON,PER,26814,26814
904,his mother,her,PRON,PER,26818,26818
904,his mother,her,PRON,PER,26824,26824
904,his mother,she,PRON,PER,26837,26837
904,his mother,his mother,NOM,PER,26844,26845
904,his mother,His mother,NOM,PER,26926,26927
904,his mother,her,PRON,PER,26933,26933
904,his mother,she,PRON,PER,26973,26973
904,his mother,she,PRON,PER,26980,26980
244,An,An,PROP,PER,27134,27134
244,An,her,PRON,PER,27154,27154
244,An,herself,PRON,PER,27156,27156
244,An,her,PRON,PER,27162,27162
244,An,her,PRON,PER,27185,27185
244,An,her,PRON,PER,27190,27190
244,An,her,PRON,PER,27192,27192
244,An,her,PRON,PER,27216,27216
244,An,An,PROP,PER,27345,27345
244,An,her,PRON,PER,27364,27364
244,An,her,PRON,PER,27371,27371
244,An,she,PRON,PER,27382,27382
244,An,her,PRON,PER,27413,27413
244,An,An,PROP,PER,27552,27552
244,An,her,PRON,PER,27567,27567
244,An,her,PRON,PER,27576,27576
244,An,she,PRON,PER,27582,27582
244,An,her,PRON,PER,27590,27590
244,An,An,PROP,PER,27647,27647
244,An,An,PROP,PER,27685,27685
244,An,An,PROP,PER,27715,27715
244,An,her,PRON,PER,27723,27723
256,Li Bai,Li Bai,PROP,PER,28048,28049
1612,Character_1612,she,PRON,PER,28100,28100
1612,Character_1612,her,PRON,PER,28126,28126
1612,Character_1612,she,PRON,PER,28152,28152
1612,Character_1612,her,PRON,PER,28164,28164
1612,Character_1612,She,PRON,PER,28203,28203
244,An,Miss An,PROP,PER,28412,28413
247,White Cloud,White Cloud,PROP,PER,28487,28488
247,White Cloud,she,PRON,PER,28569,28569
677,the waitress,the waitress,NOM,PER,28623,28624
244,An,An,PROP,PER,28644,28644
1653,An entering with a familiar smile,An entering with a familiar smile,NOM,PER,28800,28805
1653,An entering with a familiar smile,She,PRON,PER,28822,28822
1653,An entering with a familiar smile,her,PRON,PER,28843,28843
1653,An entering with a familiar smile,her,PRON,PER,28850,28850
1653,An entering with a familiar smile,her,PRON,PER,28856,28856
1653,An entering with a familiar smile,she,PRON,PER,28860,28860
1653,An entering with a familiar smile,She,PRON,PER,28863,28863
1653,An entering with a familiar smile,your,PRON,PER,28880,28880
1653,An entering with a familiar smile,she,PRON,PER,28904,28904
1653,An entering with a familiar smile,her,PRON,PER,28909,28909
244,An,Hers,PRON,PER,28925,28925
244,An,An,PROP,PER,28938,28938
244,An,her,PRON,PER,28948,28948
244,An,she,PRON,PER,28952,28952
1656,The young waitress,The young waitress,NOM,PER,28968,28970
1656,The young waitress,She,PRON,PER,28991,28991
1653,An entering with a familiar smile,her,PRON,PER,29058,29058
677,the waitress,the waitress,NOM,PER,29170,29171
1653,An entering with a familiar smile,her,PRON,PER,29249,29249
1653,An entering with a familiar smile,her,PRON,PER,29283,29283
1653,An entering with a familiar smile,she,PRON,PER,29304,29304
1653,An entering with a familiar smile,Hers,PRON,PER,29309,29309
1653,An entering with a familiar smile,her,PRON,PER,29334,29334
964,my mother,my mother,NOM,PER,29367,29368
1653,An entering with a familiar smile,she,PRON,PER,29389,29389
1653,An entering with a familiar smile,her,PRON,PER,29417,29417
1653,An entering with a familiar smile,She,PRON,PER,29421,29421
1653,An entering with a familiar smile,She,PRON,PER,29437,29437
1653,An entering with a familiar smile,her,PRON,PER,29449,29449
1653,An entering with a familiar smile,her,PRON,PER,29483,29483
1653,An entering with a familiar smile,you,PRON,PER,29520,29520
964,my mother,my mother,NOM,PER,29551,29552
1653,An entering with a familiar smile,she,PRON,PER,29585,29585
1653,An entering with a familiar smile,She,PRON,PER,29663,29663
1335,an anchorwoman,an anchorwoman,NOM,PER,29749,29750
979,a woman,a woman,NOM,PER,29772,29773
979,a woman,a woman,NOM,PER,29890,29891
979,a woman,her,PRON,PER,29895,29895
979,a woman,she,PRON,PER,29914,29914
979,a woman,her,PRON,PER,29927,29927
979,a woman,her,PRON,PER,29946,29946
979,a woman,my,PRON,PER,30033,30033
979,a woman,I,PRON,PER,30038,30038
979,a woman,she,PRON,PER,30045,30045
979,a woman,my,PRON,PER,30053,30053
979,a woman,her,PRON,PER,30083,30083
979,a woman,her,PRON,PER,30088,30088
979,a woman,she,PRON,PER,30091,30091
979,a woman,she,PRON,PER,30109,30109
979,a woman,she,PRON,PER,30118,30118
979,a woman,I,PRON,PER,30126,30126
979,a woman,she,PRON,PER,30184,30184
979,a woman,she,PRON,PER,30255,30255
979,a woman,she,PRON,PER,30277,30277
979,a woman,her,PRON,PER,30285,30285
979,a woman,you,PRON,PER,30300,30300
1704,Aunt,Aunt,PROP,PER,30374,30374
1704,Aunt,you,PRON,PER,30384,30384
1704,Aunt,She,PRON,PER,30486,30486
1704,Aunt,she,PRON,PER,30524,30524
1704,Aunt,her,PRON,PER,30530,30530
244,An,An,PROP,PER,30638,30638
1704,Aunt,She,PRON,PER,30653,30653
1704,Aunt,she,PRON,PER,30686,30686
1704,Aunt,hers,PRON,PER,30703,30703
1704,Aunt,she,PRON,PER,30709,30709
1704,Aunt,She,PRON,PER,30727,30727
1704,Aunt,her,PRON,PER,30745,30745
1704,Aunt,her,PRON,PER,30749,30749
1704,Aunt,her,PRON,PER,30766,30766
1704,Aunt,She,PRON,PER,30768,30768
1704,Aunt,her,PRON,PER,30775,30775
677,the waitress,The waitress,NOM,PER,30873,30874
244,An,An,PROP,PER,30986,30986
244,An,She,PRON,PER,31010,31010
244,An,her,PRON,PER,31016,31016
244,An,she,PRON,PER,31037,31037
244,An,you,PRON,PER,31053,31053
244,An,An,PROP,PER,31056,31056
244,An,your,PRON,PER,31097,31097
244,An,she,PRON,PER,31143,31143
244,An,An,PROP,PER,31170,31170
244,An,her,PRON,PER,31245,31245
244,An,her,PRON,PER,31268,31268
244,An,her,PRON,PER,31277,31277
244,An,she,PRON,PER,31302,31302
244,An,her,PRON,PER,31305,31305
244,An,I,PRON,PER,31312,31312
244,An,I,PRON,PER,31320,31320
244,An,Her,PRON,PER,31335,31335
244,An,her,PRON,PER,31347,31347
244,An,An,PROP,PER,31350,31350
244,An,her,PRON,PER,31356,31356
244,An,she,PRON,PER,31367,31367
244,An,her,PRON,PER,31371,31371
244,An,her,PRON,PER,31379,31379
244,An,She,PRON,PER,31385,31385
244,An,her,PRON,PER,31387,31387
244,An,she,PRON,PER,31425,31425
244,An,her,PRON,PER,31428,31428
244,An,her,PRON,PER,31432,31432
244,An,her,PRON,PER,31448,31448
244,An,she,PRON,PER,31452,31452
244,An,herself,PRON,PER,31457,31457
244,An,She,PRON,PER,31464,31464
244,An,herself,PRON,PER,31470,31470
244,An,I,PRON,PER,31478,31478
244,An,I,PRON,PER,31480,31480
244,An,She,PRON,PER,31573,31573
244,An,her,PRON,PER,31594,31594
244,An,An,PROP,PER,31871,31871
244,An,You,PRON,PER,31899,31899
244,An,you,PRON,PER,31907,31907
677,the waitress,she,PRON,PER,31949,31949
677,the waitress,she,PRON,PER,31971,31971
677,the waitress,the waitress,NOM,PER,31978,31979
677,the waitress,She,PRON,PER,31986,31986
677,the waitress,she,PRON,PER,31998,31998
244,An,An,PROP,PER,32012,32012
244,An,Her,PRON,PER,32017,32017
244,An,She,PRON,PER,32033,32033
244,An,her,PRON,PER,32055,32055
244,An,she,PRON,PER,32070,32070
244,An,me,PRON,PER,32080,32080
244,An,She,PRON,PER,32102,32102
244,An,An,PROP,PER,32137,32137
244,An,you,PRON,PER,32152,32152
244,An,your,PRON,PER,32159,32159
244,An,you,PRON,PER,32167,32167
244,An,you,PRON,PER,32176,32176
244,An,You,PRON,PER,32183,32183
244,An,you,PRON,PER,32202,32202
244,An,Your,PRON,PER,32204,32204
244,An,your,PRON,PER,32207,32207
244,An,her,PRON,PER,32267,32267
244,An,An,PROP,PER,32304,32304
244,An,she,PRON,PER,32313,32313
244,An,An,PROP,PER,32337,32337
244,An,An,PROP,PER,32960,32960
244,An,An,PROP,PER,33018,33018
244,An,She,PRON,PER,33031,33031
244,An,your,PRON,PER,33049,33049
244,An,her,PRON,PER,33078,33078
244,An,she,PRON,PER,33090,33090
244,An,her,PRON,PER,33107,33107
244,An,She,PRON,PER,33110,33110
904,his mother,his mother,NOM,PER,33179,33180
904,his mother,her,PRON,PER,33186,33186
904,his mother,she,PRON,PER,33214,33214
1804,Character_1804,She,PRON,PER,33332,33332
1804,Character_1804,her,PRON,PER,33344,33344
1804,Character_1804,she,PRON,PER,33357,33357
1804,Character_1804,me,PRON,PER,33365,33365
1811,Character_1811,she,PRON,PER,33545,33545
1811,Character_1811,she,PRON,PER,33591,33591
1811,Character_1811,her,PRON,PER,33593,33593
1811,Character_1811,her,PRON,PER,33601,33601
1811,Character_1811,her,PRON,PER,33617,33617
1811,Character_1811,I,PRON,PER,33627,33627
244,An,An,PROP,PER,33630,33630
1811,Character_1811,she,PRON,PER,33643,33643
1811,Character_1811,she,PRON,PER,33677,33677
244,An,An,PROP,PER,33867,33867
244,An,she,PRON,PER,33874,33874
904,his mother,his mother,NOM,PER,33980,33981
244,An,An,PROP,PER,34284,34284
244,An,She,PRON,PER,34333,34333
244,An,her,PRON,PER,34348,34348
244,An,her,PRON,PER,34356,34356
244,An,her,PRON,PER,34361,34361
244,An,her,PRON,PER,34382,34382
244,An,hers,PRON,PER,34411,34411
244,An,her,PRON,PER,34420,34420
244,An,hers-,PRON,PER,34435,34435
244,An,she,PRON,PER,34455,34455
244,An,An,PROP,PER,34488,34488
244,An,she,PRON,PER,34496,34496
244,An,She,PRON,PER,34564,34564
243,An Jiayi,An Jiayi,PROP,PER,34735,34736
243,An Jiayi,her,PRON,PER,34777,34777
243,An Jiayi,She,PRON,PER,34786,34786
243,An Jiayi,she,PRON,PER,34800,34800
243,An Jiayi,She,PRON,PER,34813,34813
243,An Jiayi,her,PRON,PER,34826,34826
244,An,An,PROP,PER,34830,34830
243,An Jiayi,her,PRON,PER,34849,34849
243,An Jiayi,her,PRON,PER,34855,34855
266,Doctor Xia,Doctor Xia,PROP,PER,35122,35123
266,Doctor Xia,she,PRON,PER,35138,35138
266,Doctor Xia,her,PRON,PER,35191,35191
266,Doctor Xia,her,PRON,PER,35210,35210
266,Doctor Xia,her,PRON,PER,35223,35223
266,Doctor Xia,her,PRON,PER,35259,35259
266,Doctor Xia,She,PRON,PER,35285,35285
266,Doctor Xia,her,PRON,PER,35305,35305
266,Doctor Xia,her,PRON,PER,35314,35314
244,An,An,PROP,PER,35320,35320
266,Doctor Xia,her,PRON,PER,35338,35338
266,Doctor Xia,Her,PRON,PER,35344,35344
266,Doctor Xia,her,PRON,PER,35360,35360
266,Doctor Xia,Her,PRON,PER,35362,35362
266,Doctor Xia,her,PRON,PER,35378,35378
266,Doctor Xia,Her,PRON,PER,35384,35384
266,Doctor Xia,her,PRON,PER,35400,35400
266,Doctor Xia,her,PRON,PER,35428,35428
266,Doctor Xia,her,PRON,PER,35450,35450
266,Doctor Xia,her,PRON,PER,35478,35478
266,Doctor Xia,her,PRON,PER,35485,35485
266,Doctor Xia,her,PRON,PER,35507,35507
5626,a murdered woman,a murdered woman,NOM,PER,35558,35560
5626,a murdered woman,her,PRON,PER,35564,35564
5626,a murdered woman,her,PRON,PER,35569,35569
266,Doctor Xia,her,PRON,PER,35604,35604
266,Doctor Xia,her,PRON,PER,35610,35610
266,Doctor Xia,her,PRON,PER,35635,35635
266,Doctor Xia,her,PRON,PER,35648,35648
266,Doctor Xia,her,PRON,PER,35651,35651
244,An,An,PROP,PER,35702,35702
244,An,An,PROP,PER,35714,35714
266,Doctor Xia,her,PRON,PER,35783,35783
244,An,An,PROP,PER,35792,35792
244,An,An,PROP,PER,35906,35906
1906,the young cop,the young cop,NOM,PER,35925,35927
1906,the young cop,her,PRON,PER,35963,35963
1906,the young cop,hers,PRON,PER,36040,36040
256,Li Bai,Li Bai,PROP,PER,36081,36082
1906,the young cop,she,PRON,PER,36105,36105
1906,the young cop,her,PRON,PER,36108,36108
1906,the young cop,herself,PRON,PER,36133,36133
1906,the young cop,she,PRON,PER,36286,36286
1906,the young cop,her,PRON,PER,36289,36289
1906,the young cop,her,PRON,PER,36297,36297
244,An,An,PROP,PER,36310,36310
1906,the young cop,Her,PRON,PER,36319,36319
1906,the young cop,her,PRON,PER,36326,36326
1906,the young cop,she,PRON,PER,36331,36331
1906,the young cop,her,PRON,PER,36338,36338
1906,the young cop,her,PRON,PER,36387,36387
1906,the young cop,her,PRON,PER,36412,36412
244,An,An,PROP,PER,36508,36508
244,An,she,PRON,PER,36514,36514
244,An,her,PRON,PER,36519,36519
244,An,her,PRON,PER,36530,36530
244,An,her,PRON,PER,36551,36551
244,An,she,PRON,PER,36664,36664
244,An,her,PRON,PER,36670,36670
244,An,She,PRON,PER,36679,36679
244,An,her,PRON,PER,36695,36695
244,An,An,PROP,PER,36833,36833
244,An,she,PRON,PER,36845,36845
244,An,An,PROP,PER,36899,36899
244,An,An,PROP,PER,37144,37144
244,An,An,PROP,PER,39618,39618
2099,Jiang 's paralyzed wife,Jiang 's paralyzed wife,NOM,PER,39944,39947
2099,Jiang 's paralyzed wife,she,PRON,PER,39960,39960
2099,Jiang 's paralyzed wife,her,PRON,PER,39965,39965
2099,Jiang 's paralyzed wife,She,PRON,PER,39982,39982
2099,Jiang 's paralyzed wife,her,PRON,PER,40000,40000
2099,Jiang 's paralyzed wife,her,PRON,PER,40029,40029
244,An,An,PROP,PER,40051,40051
2128,One of the people involved in the land approval,One of the people involved in the land approval,NOM,PER,40791,40799
2128,One of the people involved in the land approval,her,PRON,PER,40852,40852
2128,One of the people involved in the land approval,Her,PRON,PER,40856,40856
243,An Jiayi,An Jiayi,PROP,PER,40882,40883
244,An,An,PROP,PER,41228,41228
244,An,I,PRON,PER,41235,41235
244,An,my,PRON,PER,41242,41242
244,An,I,PRON,PER,41250,41250
244,An,my,PRON,PER,41261,41261
244,An,I,PRON,PER,41264,41264
244,An,An,PROP,PER,41335,41335
244,An,An,PROP,PER,41351,41351
244,An,her,PRON,PER,41353,41353
244,An,she,PRON,PER,41366,41366
244,An,her,PRON,PER,41371,41371
244,An,her,PRON,PER,41419,41419
244,An,An,PROP,PER,41830,41830
244,An,An,PROP,PER,41959,41959
277,Yang,Comrade Yang Jun,PROP,PER,42217,42219
277,Yang,Yang,PROP,PER,42256,42256
277,Yang,Yang,PROP,PER,42289,42289
244,An,An,PROP,PER,43415,43415
244,An,An,PROP,PER,43446,43446
244,An,An,PROP,PER,43496,43496
244,An,her,PRON,PER,43505,43505
244,An,her,PRON,PER,43512,43512
244,An,she,PRON,PER,43582,43582
2247,"A widow cook , illiterate , older by more than ten years","A widow cook , illiterate , older by more than ten years",NOM,PER,44127,44138
2247,"A widow cook , illiterate , older by more than ten years",she,PRON,PER,44152,44152
284,Shasha,her,PRON,PER,44209,44209
284,Shasha,Shasha,PROP,PER,44230,44230
284,Shasha,she,PRON,PER,44253,44253
284,Shasha,herself,PRON,PER,44256,44256
284,Shasha,her,PRON,PER,44280,44280
284,Shasha,her,PRON,PER,44284,44284
284,Shasha,her,PRON,PER,44308,44308
284,Shasha,her,PRON,PER,44330,44330
904,his mother,his mother,NOM,PER,44753,44754
904,his mother,her,PRON,PER,44762,44762
904,his mother,her,PRON,PER,44769,44769
904,his mother,she,PRON,PER,44777,44777
904,his mother,She,PRON,PER,44783,44783
904,his mother,her,PRON,PER,44793,44793
904,his mother,she,PRON,PER,44797,44797
5660,your American friend,your American friend,NOM,PER,44807,44809
904,his mother,her,PRON,PER,44834,44834
5660,your American friend,She,PRON,PER,44838,44838
904,his mother,my,PRON,PER,44843,44843
904,his mother,his mother,NOM,PER,44896,44897
904,his mother,her,PRON,PER,44908,44908
244,An,An,PROP,PER,45243,45243
5660,your American friend,your American friend,NOM,PER,45567,45569
2300,Character_2300,her,PRON,PER,45573,45573
2300,Character_2300,She,PRON,PER,45576,45576
232,Catherine,Catherine Rohn,PROP,PER,45582,45583
2300,Character_2300,her,PRON,PER,45593,45593
2300,Character_2300,She,PRON,PER,45647,45647
232,Catherine,I,PRON,PER,45655,45655
964,my mother,my mother,NOM,PER,45721,45722
964,my mother,She,PRON,PER,45728,45728
247,White Cloud,White Cloud,PROP,PER,45749,45750
247,White Cloud,she,PRON,PER,45755,45755
904,his mother,his mother,NOM,PER,45774,45775
247,White Cloud,White Cloud,PROP,PER,45789,45790
542,the old woman,The old woman,NOM,PER,45804,45806
247,White Cloud,her,PRON,PER,45811,45811
904,his mother,his mother,NOM,PER,45819,45820
2306,Character_2306,She,PRON,PER,45834,45834
964,my mother,my mother,NOM,PER,45844,45845
2306,Character_2306,her,PRON,PER,45854,45854
2306,Character_2306,her,PRON,PER,45864,45864
2306,Character_2306,she,PRON,PER,45867,45867
2306,Character_2306,her,PRON,PER,45884,45884
2306,Character_2306,her,PRON,PER,45903,45903
2315,Character_2315,her,PRON,PER,46149,46149
2315,Character_2315,her,PRON,PER,46156,46156
2315,Character_2315,her,PRON,PER,46200,46200
2315,Character_2315,her,PRON,PER,46209,46209
2315,Character_2315,her,PRON,PER,46225,46225
2348,A young maid,A young maid,NOM,PER,46632,46634
2348,A young maid,her,PRON,PER,46636,46636
244,An,An,PROP,PER,47480,47480
244,An,An,PROP,PER,47515,47515
979,a woman,a woman,NOM,PER,47703,47704
979,a woman,herself,PRON,PER,47706,47706
979,a woman,her,PRON,PER,47713,47713
219,Peiqin,Peiqin,PROP,PER,48895,48895
219,Peiqin,Peiqin,PROP,PER,48924,48924
219,Peiqin,you,PRON,PER,48956,48956
2414,Character_2414,She,PRON,PER,48970,48970
219,Peiqin,Peiqin,PROP,PER,48993,48993
2414,Character_2414,She,PRON,PER,49007,49007
2414,Character_2414,her,PRON,PER,49017,49017
2414,Character_2414,her,PRON,PER,49030,49030
219,Peiqin,Peiqin,PROP,PER,49139,49139
219,Peiqin,She,PRON,PER,49167,49167
677,the waitress,The waitress,NOM,PER,49318,49319
677,the waitress,she,PRON,PER,49354,49354
219,Peiqin,Peiqin,PROP,PER,49422,49422
677,the waitress,the waitress,NOM,PER,49447,49448
219,Peiqin,Peiqin,PROP,PER,49534,49534
677,the waitress,the waitress,NOM,PER,49636,49637
677,the waitress,You,PRON,PER,49643,49643
677,the waitress,you,PRON,PER,49663,49663
677,the waitress,the waitress,NOM,PER,49684,49685
243,An Jiayi,An Jiayi,PROP,PER,49954,49955
243,An Jiayi,she,PRON,PER,50006,50006
243,An Jiayi,She,PRON,PER,50014,50014
243,An Jiayi,her,PRON,PER,50022,50022
243,An Jiayi,her,PRON,PER,50040,50040
243,An Jiayi,she,PRON,PER,50044,50044
243,An Jiayi,her,PRON,PER,50074,50074
243,An Jiayi,her,PRON,PER,50135,50135
243,An Jiayi,her,PRON,PER,50165,50165
243,An Jiayi,she,PRON,PER,50205,50205
244,An,An,PROP,PER,50270,50270
244,An,An,PROP,PER,50344,50344
964,my mother,my mother,NOM,PER,50550,50551
964,my mother,She,PRON,PER,50557,50557
219,Peiqin,Peiqin,PROP,PER,50574,50574
219,Peiqin,Peiqin,PROP,PER,50579,50579
964,my mother,her,PRON,PER,50581,50581
964,my mother,her,PRON,PER,50596,50596
677,the waitress,The waitress,NOM,PER,50649,50650
677,the waitress,she,PRON,PER,50677,50677
677,the waitress,the waitress,NOM,PER,50741,50742
677,the waitress,the waitress,NOM,PER,50772,50773
677,the waitress,your,PRON,PER,50785,50785
677,the waitress,her,PRON,PER,50796,50796
677,the waitress,her,PRON,PER,50800,50800
677,the waitress,her,PRON,PER,50812,50812
2477,my friend in Beijing,my friend in Beijing,NOM,PER,50837,50840
2477,my friend in Beijing,her,PRON,PER,50846,50846
2477,my friend in Beijing,She,PRON,PER,50851,50851
219,Peiqin,Peiqin,PROP,PER,51522,51522
244,An,An,PROP,PER,51606,51606
1335,an anchorwoman,an anchorwoman,NOM,PER,51619,51620
1335,an anchorwoman,her,PRON,PER,51622,51622
219,Peiqin,Peiqin,PROP,PER,51669,51669
219,Peiqin,Peiqin,PROP,PER,51702,51702
219,Peiqin,Peiqin,PROP,PER,51757,51757
219,Peiqin,She,PRON,PER,51768,51768
219,Peiqin,she,PRON,PER,51795,51795
219,Peiqin,Peiqin,PROP,PER,51937,51937
219,Peiqin,Peiqin,PROP,PER,52012,52012
219,Peiqin,She,PRON,PER,52020,52020
219,Peiqin,She,PRON,PER,52059,52059
219,Peiqin,her,PRON,PER,52071,52071
219,Peiqin,she,PRON,PER,52081,52081
219,Peiqin,She,PRON,PER,52093,52093
219,Peiqin,her,PRON,PER,52129,52129
219,Peiqin,she,PRON,PER,52140,52140
219,Peiqin,she,PRON,PER,52163,52163
219,Peiqin,her,PRON,PER,52170,52170
219,Peiqin,she,PRON,PER,52217,52217
219,Peiqin,her,PRON,PER,52227,52227
2524,that American woman officer,that American woman officer,NOM,PER,52249,52252
2524,that American woman officer,her,PRON,PER,52257,52257
232,Catherine,Catherine Rohn,PROP,PER,52262,52263
2524,that American woman officer,her,PRON,PER,52271,52271
2524,that American woman officer,She,PRON,PER,52274,52274
2524,that American woman officer,She,PRON,PER,52281,52281
2524,that American woman officer,she,PRON,PER,52297,52297
2524,that American woman officer,she,PRON,PER,52307,52307
2524,that American woman officer,She,PRON,PER,52325,52325
2524,that American woman officer,her,PRON,PER,52362,52362
2524,that American woman officer,her,PRON,PER,52388,52388
219,Peiqin,Peiqin,PROP,PER,52399,52399
219,Peiqin,She,PRON,PER,52442,52442
219,Peiqin,her,PRON,PER,52448,52448
2524,that American woman officer,her,PRON,PER,52464,52464
219,Peiqin,She,PRON,PER,52496,52496
2524,that American woman officer,her,PRON,PER,52510,52510
904,his mother,his mother,NOM,PER,52518,52519
2524,that American woman officer,her,PRON,PER,52526,52526
542,the old woman,The old woman,NOM,PER,52534,52536
2536,Character_2536,you,PRON,PER,52562,52562
2524,that American woman officer,her,PRON,PER,52565,52565
904,his mother,his mother,NOM,PER,52570,52571
2536,Character_2536,She,PRON,PER,52595,52595
2536,Character_2536,her,PRON,PER,52597,52597
904,his mother,his mother,NOM,PER,52614,52615
2524,that American woman officer,her,PRON,PER,52626,52626
2524,that American woman officer,her,PRON,PER,52659,52659
2524,that American woman officer,she,PRON,PER,52686,52686
2524,that American woman officer,her,PRON,PER,52757,52757
219,Peiqin,Peiqin,PROP,PER,52806,52806
2524,that American woman officer,she,PRON,PER,52822,52822
2524,that American woman officer,her,PRON,PER,52910,52910
219,Peiqin,Peiqin,PROP,PER,52975,52975
219,Peiqin,Peiqin,PROP,PER,53062,53062
219,Peiqin,she,PRON,PER,53265,53265
219,Peiqin,her,PRON,PER,53269,53269
219,Peiqin,Peiqin,PROP,PER,53300,53300
904,his mother,his mother,NOM,PER,53459,53460
904,his mother,She,PRON,PER,53479,53479
2567,Character_2567,she,PRON,PER,53638,53638
220,Old Geng,Old Geng,PROP,PER,53678,53679
2567,Character_2567,she,PRON,PER,53701,53701
219,Peiqin,Peiqin,PROP,PER,53779,53779
243,An Jiayi,An Jiayi,PROP,PER,53793,53794
219,Peiqin,Peiqin,PROP,PER,53797,53797
219,Peiqin,her,PRON,PER,53801,53801
219,Peiqin,her,PRON,PER,53812,53812
219,Peiqin,her,PRON,PER,53822,53822
219,Peiqin,her,PRON,PER,53826,53826
219,Peiqin,She,PRON,PER,53837,53837
219,Peiqin,her,PRON,PER,53840,53840
219,Peiqin,she,PRON,PER,53891,53891
219,Peiqin,her,PRON,PER,53905,53905
219,Peiqin,her,PRON,PER,53931,53931
219,Peiqin,her,PRON,PER,53940,53940
219,Peiqin,Peiqin,PROP,PER,53957,53957
219,Peiqin,her,PRON,PER,53960,53960
219,Peiqin,she,PRON,PER,53981,53981
219,Peiqin,Peiqin,PROP,PER,54109,54109
219,Peiqin,She,PRON,PER,54114,54114
219,Peiqin,herself,PRON,PER,54119,54119
219,Peiqin,she,PRON,PER,54128,54128
219,Peiqin,Her,PRON,PER,54135,54135
219,Peiqin,she,PRON,PER,54155,54155
256,Li Bai,Li Bai,PROP,PER,54780,54781
300,Pearl,Pearl,PROP,PER,54913,54913
284,Shasha,Shasha,PROP,PER,55371,55371
284,Shasha,she,PRON,PER,55385,55385
284,Shasha,I,PRON,PER,55395,55395
2646,One Chinese critic,One Chinese critic,NOM,PER,55480,55482
2646,One Chinese critic,she,PRON,PER,55493,55493
309,Bonnie,Bonnie Grant,PROP,PER,55676,55677
309,Bonnie,her,PRON,PER,55692,55692
300,Pearl,Pearl,PROP,PER,55794,55794
284,Shasha,Shasha,PROP,PER,55917,55917
284,Shasha,her,PRON,PER,55920,55920
284,Shasha,her,PRON,PER,55944,55944
284,Shasha,Shasha,PROP,PER,56188,56188
2675,Character_2675,She,PRON,PER,56191,56191
2675,Character_2675,her,PRON,PER,56194,56194
2675,Character_2675,her,PRON,PER,56201,56201
2675,Character_2675,she,PRON,PER,56206,56206
300,Pearl,Pearl,PROP,PER,56212,56212
2675,Character_2675,me,PRON,PER,56214,56214
284,Shasha,Shasha,PROP,PER,56442,56442
284,Shasha,she,PRON,PER,56462,56462
284,Shasha,I,PRON,PER,56470,56470
284,Shasha,you,PRON,PER,56475,56475
284,Shasha,I,PRON,PER,56478,56478
284,Shasha,you,PRON,PER,56488,56488
284,Shasha,she,PRON,PER,56501,56501
284,Shasha,her,PRON,PER,56543,56543
284,Shasha,She,PRON,PER,56552,56552
284,Shasha,her,PRON,PER,56558,56558
284,Shasha,your,PRON,PER,56597,56597
284,Shasha,your,PRON,PER,56602,56602
284,Shasha,Shasha,PROP,PER,56605,56605
284,Shasha,your,PRON,PER,56625,56625
2695,Character_2695,her,PRON,PER,56715,56715
2695,Character_2695,she,PRON,PER,56718,56718
2695,Character_2695,her,PRON,PER,56720,56720
2695,Character_2695,She,PRON,PER,56727,56727
2695,Character_2695,she,PRON,PER,56759,56759
284,Shasha,Shasha,PROP,PER,56775,56775
2695,Character_2695,she,PRON,PER,56805,56805
2695,Character_2695,You,PRON,PER,56827,56827
2695,Character_2695,me,PRON,PER,56834,56834
2695,Character_2695,you,PRON,PER,56872,56872
284,Shasha,Shasha,PROP,PER,56877,56877
284,Shasha,Shasha,PROP,PER,56885,56885
284,Shasha,her,PRON,PER,56899,56899
284,Shasha,She,PRON,PER,56901,56901
284,Shasha,she,PRON,PER,56920,56920
284,Shasha,she,PRON,PER,56939,56939
284,Shasha,she,PRON,PER,56945,56945
284,Shasha,she,PRON,PER,56956,56956
284,Shasha,her,PRON,PER,56962,56962
284,Shasha,she,PRON,PER,56982,56982
284,Shasha,her,PRON,PER,56993,56993
284,Shasha,her,PRON,PER,56998,56998
284,Shasha,she,PRON,PER,57002,57002
997,his friend,his friend,NOM,PER,57366,57367
1358,A nice girl,A nice girl,NOM,PER,57663,57665
2733,Character_2733,she,PRON,PER,57667,57667
2733,Character_2733,her,PRON,PER,57691,57691
313,Su Dongpo,Su Dongpo,PROP,PER,57996,57997
313,Su Dongpo,Su,PROP,PER,58063,58063
244,An,An,PROP,PER,58205,58205
244,An,her,PRON,PER,58210,58210
244,An,her,PRON,PER,58222,58222
244,An,her,PRON,PER,58232,58232
244,An,her,PRON,PER,58240,58240
244,An,she,PRON,PER,58385,58385
244,An,she,PRON,PER,58390,58390
244,An,She,PRON,PER,58433,58433
244,An,her,PRON,PER,58452,58452
244,An,her,PRON,PER,58463,58463
244,An,she,PRON,PER,58465,58465
244,An,she,PRON,PER,58475,58475
244,An,She,PRON,PER,58494,58494
244,An,she,PRON,PER,58504,58504
244,An,her,PRON,PER,58518,58518
244,An,An,PROP,PER,58640,58640
904,his mother,his mother,NOM,PER,58842,58843
542,the old woman,The old woman,NOM,PER,58845,58847
219,Peiqin,Peiqin,PROP,PER,58855,58855
247,White Cloud,White Cloud,PROP,PER,58861,58862
284,Shasha,Shasha,PROP,PER,58937,58937
997,his friend,his friend,NOM,PER,59416,59417
2803,A middle - aged woman,A middle - aged woman,NOM,PER,59521,59525
2803,A middle - aged woman,her,PRON,PER,59539,59539
904,his mother,his mother,NOM,PER,59559,59560
300,Pearl,Pearl,PROP,PER,59675,59675
300,Pearl,her,PRON,PER,59683,59683
300,Pearl,she,PRON,PER,59696,59696
300,Pearl,you,PRON,PER,59704,59704
300,Pearl,Pearl,PROP,PER,59982,59982
284,Shasha,Shasha,PROP,PER,60397,60397
319,Mimi,Mimi,PROP,PER,61556,61556
102,Roland Height,Roland Height,PROP,GPE,61995,61996
2904,A little Chinese girl,A little Chinese girl,NOM,PER,62151,62154
2904,A little Chinese girl,her,PRON,PER,62164,62164
2904,A little Chinese girl,her,PRON,PER,62179,62179
2904,A little Chinese girl,her,PRON,PER,62187,62187
2904,A little Chinese girl,her,PRON,PER,62202,62202
102,Roland Height,Roland Height,PROP,FAC,62275,62276
102,Roland Height,Roland Height,PROP,FAC,62496,62497
319,Mimi,Mimi,PROP,PER,62567,62567
319,Mimi,She,PRON,PER,62592,62592
319,Mimi,her,PRON,PER,62616,62616
319,Mimi,her,PRON,PER,62627,62627
319,Mimi,her,PRON,PER,62632,62632
319,Mimi,me,PRON,PER,62660,62660
319,Mimi,she,PRON,PER,62669,62669
319,Mimi,Mimi,PROP,PER,62795,62795
319,Mimi,her,PRON,PER,62805,62805
319,Mimi,She,PRON,PER,62823,62823
319,Mimi,she,PRON,PER,62831,62831
319,Mimi,her,PRON,PER,62839,62839
469,the girl,the girl,NOM,PER,62850,62851
469,the girl,her,PRON,PER,62858,62858
2926,Character_2926,I,PRON,PER,62890,62890
2926,Character_2926,her,PRON,PER,62893,62893
2926,Character_2926,She,PRON,PER,62902,62902
2926,Character_2926,he,PRON,PER,62911,62911
2926,Character_2926,She,PRON,PER,62945,62945
102,Roland Height,Roland Height,PROP,PER,63032,63033
319,Mimi,I,PRON,PER,63203,63203
319,Mimi,I,PRON,PER,63205,63205
319,Mimi,Mimi,PROP,PER,63249,63249
102,Roland Height,Roland Height,PROP,FAC,63316,63317
2973,A white - haired woman,A white - haired woman,NOM,PER,63939,63943
2973,A white - haired woman,her,PRON,PER,63952,63952
2973,A white - haired woman,her,PRON,PER,63960,63960
542,the old woman,I,PRON,PER,64071,64071
542,the old woman,the old woman,NOM,PER,64079,64081
904,his mother,his mother,NOM,PER,64108,64109
542,the old woman,her,PRON,PER,64117,64117
964,my mother,my mother,NOM,PER,64168,64169
284,Shasha,Shasha,PROP,PER,64555,64555
277,Yang,Yang,PROP,PER,66677,66677
3153,one waitress,one waitress,NOM,PER,68140,68141
3153,one waitress,her,PRON,PER,68148,68148
309,Bonnie,Bonnie Grant,PROP,PER,68791,68792
309,Bonnie,Bonnie,PROP,PER,68872,68872
309,Bonnie,her,PRON,PER,68876,68876
309,Bonnie,Bonnie,PROP,PER,69211,69211
309,Bonnie,Bonnie,PROP,PER,69319,69319
309,Bonnie,she,PRON,PER,69322,69322
3210,Character_3210,She,PRON,PER,69449,69449
3210,Character_3210,She,PRON,PER,69455,69455
3210,Character_3210,her,PRON,PER,69461,69461
3210,Character_3210,her,PRON,PER,69478,69478
3210,Character_3210,she,PRON,PER,69490,69490
904,his mother,His mother,NOM,PER,69526,69527
904,his mother,her,PRON,PER,69542,69542
904,his mother,she,PRON,PER,69566,69566
904,his mother,she,PRON,PER,69582,69582
904,his mother,Her,PRON,PER,69606,69606
904,his mother,her,PRON,PER,69624,69624
904,his mother,her,PRON,PER,69643,69643
904,his mother,her,PRON,PER,69652,69652
284,Shasha,Shasha,PROP,PER,69812,69812
284,Shasha,Shasha,PROP,PER,69862,69862
904,his mother,his mother,NOM,PER,70271,70272
904,his mother,her,PRON,PER,70289,70289
3291,an old woman in a satin dress shuffling into the hall,an old woman in a satin dress shuffling into the hall,NOM,PER,71004,71014
3291,an old woman in a satin dress shuffling into the hall,her,PRON,PER,71017,71017
102,Roland Height,Roland Height,PROP,PER,71079,71080
3291,an old woman in a satin dress shuffling into the hall,her,PRON,PER,71092,71092
542,the old woman,the old woman,NOM,PER,71095,71097
542,the old woman,She,PRON,PER,71112,71112
3299,madam,you,PRON,PER,71127,71127
3299,madam,madam,NOM,PER,71137,71137
3299,madam,you,PRON,PER,71157,71157
3299,madam,your,PRON,PER,71180,71180
3299,madam,madam,NOM,PER,71256,71256
3299,madam,you,PRON,PER,71337,71337
904,his mother,his mother,NOM,PER,71476,71477
904,his mother,she,PRON,PER,71566,71566
904,his mother,her,PRON,PER,71584,71584
904,his mother,she,PRON,PER,71600,71600
904,his mother,your,PRON,PER,71686,71686
3299,madam,madam,NOM,PER,71689,71689
542,the old woman,the old woman,NOM,PER,71740,71742
542,the old woman,she,PRON,PER,71836,71836
542,the old woman,She,PRON,PER,71873,71873
542,the old woman,The old woman,NOM,PER,71921,71923
542,the old woman,she,PRON,PER,71928,71928
542,the old woman,she,PRON,PER,71943,71943
542,the old woman,her,PRON,PER,71954,71954
244,An,An,PROP,PER,71961,71961
542,the old woman,you,PRON,PER,72037,72037
542,the old woman,your,PRON,PER,72042,72042
542,the old woman,you,PRON,PER,72080,72080
3299,madam,Madam,NOM,PER,72082,72082
542,the old woman,you,PRON,PER,72198,72198
3299,madam,madam,NOM,PER,72200,72200
542,the old woman,you,PRON,PER,72245,72245
542,the old woman,you,PRON,PER,72250,72250
542,the old woman,you,PRON,PER,72267,72267
542,the old woman,she,PRON,PER,72286,72286
542,the old woman,her,PRON,PER,72294,72294
542,the old woman,the old woman,NOM,PER,72844,72846
542,the old woman,the old woman,NOM,PER,72908,72910
3299,madam,madam,NOM,PER,72918,72918
3299,madam,her,PRON,PER,72929,72929
542,the old woman,the old woman,NOM,PER,72994,72996
542,the old woman,myself,PRON,PER,73062,73062
542,the old woman,me,PRON,PER,73086,73086
542,the old woman,the old woman,NOM,PER,73515,73517
337,Mom,Mom,PROP,PER,73562,73562
337,Mom,you,PRON,PER,73564,73564
542,the old woman,the old woman,NOM,PER,73746,73748
542,the old woman,The old woman,NOM,PER,73806,73808
3356,Character_3356,her,PRON,PER,73839,73839
3356,Character_3356,she,PRON,PER,73887,73887
254,Mother,Mother,PROP,PER,73912,73912
3356,Character_3356,She,PRON,PER,73951,73951
3356,Character_3356,her,PRON,PER,73962,73962
542,the old woman,the old woman,NOM,PER,74151,74153
1083,your mother,your mother,NOM,PER,74210,74211
542,the old woman,the old woman,NOM,PER,74287,74289
244,An,An,PROP,PER,74683,74683
244,An,her,PRON,PER,74691,74691
244,An,An,PROP,PER,74701,74701
284,Shasha,Shasha,PROP,PER,74975,74975
319,Mimi,Mimi,PROP,PER,75886,75886
102,Roland Height,Roland Height,PROP,FAC,75901,75902
102,Roland Height,Roland Height,PROP,FAC,76023,76024
319,Mimi,Mimi,PROP,PER,76522,76522
904,his mother,his mother,NOM,PER,76772,76773
904,his mother,her,PRON,PER,76779,76779
904,his mother,Her,PRON,PER,76783,76783
904,his mother,her,PRON,PER,76789,76789
244,An,An,PROP,PER,77319,77319
244,An,An,PROP,PER,77364,77364
244,An,An,PROP,PER,77456,77456
219,Peiqin,Peiqin,PROP,PER,77546,77546
219,Peiqin,herself,PRON,PER,77548,77548
219,Peiqin,She,PRON,PER,77558,77558
219,Peiqin,she,PRON,PER,77567,77567
3480,Chen 's mother,Chen 's mother,NOM,PER,77585,77587
219,Peiqin,she,PRON,PER,77601,77601
219,Peiqin,she,PRON,PER,77634,77634
219,Peiqin,she,PRON,PER,77636,77636
219,Peiqin,her,PRON,PER,77643,77643
219,Peiqin,She,PRON,PER,77719,77719
219,Peiqin,She,PRON,PER,77729,77729
219,Peiqin,her,PRON,PER,77731,77731
219,Peiqin,She,PRON,PER,77745,77745
219,Peiqin,She,PRON,PER,77785,77785
219,Peiqin,Peiqin,PROP,PER,77798,77798
219,Peiqin,Peiqin,PROP,PER,77913,77913
1178,an old woman,an old woman,NOM,PER,77941,77943
219,Peiqin,her,PRON,PER,77949,77949
219,Peiqin,Peiqin,PROP,PER,77962,77962
219,Peiqin,She,PRON,PER,77974,77974
219,Peiqin,She,PRON,PER,77984,77984
220,Old Geng,Old Geng,PROP,PER,77995,77996
219,Peiqin,Peiqin,PROP,PER,78030,78030
220,Old Geng,Geng,PROP,PER,78040,78040
219,Peiqin,her,PRON,PER,78054,78054
219,Peiqin,her,PRON,PER,78057,78057
219,Peiqin,her,PRON,PER,78085,78085
219,Peiqin,Peiqin,PROP,PER,78107,78107
219,Peiqin,herself,PRON,PER,78111,78111
219,Peiqin,She,PRON,PER,78120,78120
219,Peiqin,she,PRON,PER,78129,78129
219,Peiqin,herself,PRON,PER,78136,78136
219,Peiqin,her,PRON,PER,78140,78140
219,Peiqin,she,PRON,PER,78168,78168
219,Peiqin,herself,PRON,PER,78177,78177
219,Peiqin,She,PRON,PER,78179,78179
219,Peiqin,she,PRON,PER,78200,78200
219,Peiqin,She,PRON,PER,78206,78206
219,Peiqin,her,PRON,PER,78220,78220
219,Peiqin,she,PRON,PER,78255,78255
219,Peiqin,She,PRON,PER,78258,78258
219,Peiqin,she,PRON,PER,78279,78279
219,Peiqin,her,PRON,PER,78284,78284
219,Peiqin,she,PRON,PER,78297,78297
219,Peiqin,her,PRON,PER,78304,78304
219,Peiqin,she,PRON,PER,78313,78313
219,Peiqin,her,PRON,PER,78328,78328
219,Peiqin,she,PRON,PER,78336,78336
219,Peiqin,she,PRON,PER,78344,78344
219,Peiqin,she,PRON,PER,78364,78364
219,Peiqin,she,PRON,PER,78368,78368
219,Peiqin,her,PRON,PER,78389,78389
219,Peiqin,She,PRON,PER,78398,78398
219,Peiqin,herself,PRON,PER,78400,78400
219,Peiqin,She,PRON,PER,78490,78490
244,An,An,PROP,PER,78496,78496
244,An,her,PRON,PER,78498,78498
219,Peiqin,she,PRON,PER,78509,78509
219,Peiqin,she,PRON,PER,78511,78511
219,Peiqin,her,PRON,PER,78538,78538
219,Peiqin,she,PRON,PER,78541,78541
219,Peiqin,she,PRON,PER,78626,78626
219,Peiqin,her,PRON,PER,78662,78662
219,Peiqin,She,PRON,PER,78668,78668
219,Peiqin,she,PRON,PER,78793,78793
219,Peiqin,her,PRON,PER,78797,78797
244,An,An,PROP,PER,78812,78812
244,An,An,PROP,PER,78888,78888
219,Peiqin,Peiqin,PROP,PER,78925,78925
3567,A little girl,A little girl,NOM,PER,78984,78986
3567,A little girl,she,PRON,PER,79014,79014
219,Peiqin,Peiqin,PROP,PER,79017,79017
3567,A little girl,her,PRON,PER,79023,79023
219,Peiqin,her,PRON,PER,79033,79033
219,Peiqin,Peiqin,PROP,PER,79036,79036
219,Peiqin,her,PRON,PER,79043,79043
219,Peiqin,her,PRON,PER,79050,79050
219,Peiqin,She,PRON,PER,79061,79061
3573,the woman,the woman,NOM,PER,79125,79126
219,Peiqin,Peiqin,PROP,PER,79155,79155
219,Peiqin,she,PRON,PER,79159,79159
219,Peiqin,Peiqin,PROP,PER,79227,79227
542,the old woman,the old woman,NOM,PER,79282,79284
219,Peiqin,Peiqin,PROP,PER,79323,79323
542,the old woman,hers,PRON,PER,79341,79341
542,the old woman,She,PRON,PER,79347,79347
219,Peiqin,Peiqin,PROP,PER,79367,79367
219,Peiqin,She,PRON,PER,79369,79369
219,Peiqin,She,PRON,PER,79378,79378
219,Peiqin,Peiqin,PROP,PER,79425,79425
219,Peiqin,I,PRON,PER,79465,79465
219,Peiqin,her,PRON,PER,79477,79477
219,Peiqin,her,PRON,PER,79490,79490
219,Peiqin,her,PRON,PER,79499,79499
219,Peiqin,she,PRON,PER,79515,79515
219,Peiqin,Peiqin,PROP,PER,79582,79582
219,Peiqin,her,PRON,PER,79592,79592
219,Peiqin,she,PRON,PER,79599,79599
244,An,An,PROP,PER,79605,79605
219,Peiqin,She,PRON,PER,79611,79611
219,Peiqin,Peiqin,PROP,PER,79692,79692
244,An,An,PROP,PER,79697,79697
244,An,An,PROP,PER,79723,79723
244,An,An,PROP,PER,79746,79746
244,An,You,PRON,PER,79763,79763
244,An,An,PROP,PER,79794,79794
219,Peiqin,Peiqin,PROP,PER,79806,79806
219,Peiqin,she,PRON,PER,79824,79824
219,Peiqin,Peiqin,PROP,PER,79846,79846
219,Peiqin,she,PRON,PER,79918,79918
219,Peiqin,she,PRON,PER,79924,79924
219,Peiqin,she,PRON,PER,80011,80011
219,Peiqin,she,PRON,PER,80015,80015
219,Peiqin,she,PRON,PER,80029,80029
219,Peiqin,she,PRON,PER,80043,80043
219,Peiqin,She,PRON,PER,80046,80046
219,Peiqin,She,PRON,PER,80063,80063
3619,Character_3619,you,PRON,PER,80233,80233
3619,Character_3619,She,PRON,PER,80238,80238
3619,Character_3619,him,PRON,PER,80242,80242
3619,Character_3619,she,PRON,PER,80310,80310
3628,Character_3628,she,PRON,PER,80335,80335
3628,Character_3628,her,PRON,PER,80349,80349
3628,Character_3628,you,PRON,PER,80357,80357
219,Peiqin,Peiqin,PROP,PER,80368,80368
219,Peiqin,Peiqin,PROP,PER,80439,80439
219,Peiqin,she,PRON,PER,80444,80444
219,Peiqin,Peiqin,PROP,PER,80554,80554
219,Peiqin,Peiqin,PROP,PER,80649,80649
219,Peiqin,she,PRON,PER,80660,80660
3480,Chen 's mother,Chen 's mother,NOM,PER,80662,80664
3480,Chen 's mother,her,PRON,PER,80668,80668
542,the old woman,The old woman,NOM,PER,80671,80673
3646,"a tall , slender girl supporting her","a tall , slender girl supporting her",NOM,PER,80680,80686
542,the old woman,her,PRON,PER,80686,80686
3646,"a tall , slender girl supporting her",she,PRON,PER,80689,80689
219,Peiqin,Peiqin,PROP,PER,80704,80704
3648,this girl,this girl,NOM,PER,80716,80717
3648,this girl,her,PRON,PER,80728,80728
3648,this girl,She,PRON,PER,80736,80736
3648,this girl,her,PRON,PER,80744,80744
3648,this girl,her,PRON,PER,80750,80750
3648,this girl,her,PRON,PER,80754,80754
219,Peiqin,Peiqin,PROP,PER,80774,80774
3648,this girl,She,PRON,PER,80784,80784
542,the old woman,I,PRON,PER,80793,80793
3648,this girl,she,PRON,PER,80798,80798
542,the old woman,the old woman,NOM,PER,80807,80809
3648,this girl,she,PRON,PER,80834,80834
542,the old woman,The old woman,NOM,PER,80844,80846
3648,this girl,her,PRON,PER,80853,80853
219,Peiqin,Peiqin,PROP,PER,80856,80856
542,the old woman,Her,PRON,PER,80860,80860
542,the old woman,her,PRON,PER,80878,80878
542,the old woman,I,PRON,PER,80883,80883
3648,this girl,her,PRON,PER,80887,80887
3648,this girl,she,PRON,PER,80899,80899
3648,this girl,her,PRON,PER,80907,80907
3648,this girl,she,PRON,PER,80911,80911
542,the old woman,The old woman,NOM,PER,80917,80919
3648,this girl,her,PRON,PER,80921,80921
247,White Cloud,White Cloud,PROP,PER,80922,80923
247,White Cloud,White Cloud,PROP,PER,80932,80933
219,Peiqin,Peiqin,PROP,PER,80936,80936
219,Peiqin,Peiqin,PROP,PER,80985,80985
3659,the fashionable swell girl,the fashionable swell girl,NOM,PER,80997,81000
3659,the fashionable swell girl,her,PRON,PER,81004,81004
465,a young girl,a young girl,NOM,PER,81020,81022
904,his mother,his mother,NOM,PER,81027,81028
904,his mother,his mother,NOM,PER,81080,81081
904,his mother,his mother,NOM,PER,81091,81092
904,his mother,His mother,NOM,PER,81100,81101
542,the old woman,The old woman,NOM,PER,81125,81127
219,Peiqin,Peiqin,PROP,PER,81142,81142
542,the old woman,she,PRON,PER,81168,81168
542,the old woman,She,PRON,PER,81171,81171
542,the old woman,she,PRON,PER,81223,81223
219,Peiqin,Peiqin,PROP,PER,81337,81337
219,Peiqin,Peiqin,PROP,PER,81375,81375
219,Peiqin,Her,PRON,PER,81392,81392
3480,Chen 's mother,Chen 's mother,NOM,PER,81427,81429
219,Peiqin,Peiqin,PROP,PER,81434,81434
542,the old woman,the old woman,NOM,PER,81442,81444
219,Peiqin,Peiqin,PROP,PER,81474,81474
542,the old woman,the old woman,NOM,PER,81483,81485
542,the old woman,her,PRON,PER,81488,81488
219,Peiqin,Peiqin,PROP,PER,81509,81509
219,Peiqin,She,PRON,PER,81517,81517
542,the old woman,the old woman,NOM,PER,81559,81561
219,Peiqin,Peiqin,PROP,PER,81573,81573
219,Peiqin,She,PRON,PER,81583,81583
220,Old Geng,Old Geng,PROP,PER,81586,81587
219,Peiqin,she,PRON,PER,81606,81606
219,Peiqin,she,PRON,PER,81613,81613
542,the old woman,the old woman,NOM,PER,81620,81622
247,White Cloud,White Cloud,PROP,PER,81630,81631
219,Peiqin,she,PRON,PER,81633,81633
542,the old woman,the old woman,NOM,PER,81639,81641
219,Peiqin,she,PRON,PER,81648,81648
219,Peiqin,She,PRON,PER,81672,81672
219,Peiqin,she,PRON,PER,81681,81681
219,Peiqin,She,PRON,PER,81693,81693
219,Peiqin,She,PRON,PER,81704,81704
219,Peiqin,I,PRON,PER,81716,81716
219,Peiqin,she,PRON,PER,81725,81725
219,Peiqin,me,PRON,PER,81743,81743
219,Peiqin,Peiqin,PROP,PER,81824,81824
904,his mother,His mother,NOM,PER,81852,81853
3706,Character_3706,you,PRON,PER,81857,81857
219,Peiqin,Peiqin,PROP,PER,81863,81863
3706,Character_3706,She,PRON,PER,81872,81872
219,Peiqin,Peiqin,PROP,PER,81901,81901
3706,Character_3706,you,PRON,PER,81909,81909
219,Peiqin,Peiqin,PROP,PER,81938,81938
3706,Character_3706,you,PRON,PER,81980,81980
3706,Character_3706,you,PRON,PER,81984,81984
219,Peiqin,Peiqin,PROP,PER,82000,82000
219,Peiqin,she,PRON,PER,82011,82011
219,Peiqin,Peiqin,PROP,PER,82037,82037
219,Peiqin,her,PRON,PER,82042,82042
3480,Chen 's mother,Chen 's mother,NOM,PER,82061,82063
219,Peiqin,Peiqin,PROP,PER,82067,82067
219,Peiqin,her,PRON,PER,82074,82074
219,Peiqin,Peiqin,PROP,PER,82089,82089
219,Peiqin,her,PRON,PER,82094,82094
219,Peiqin,She,PRON,PER,82106,82106
247,White Cloud,White Cloud,PROP,PER,82111,82112
469,the girl,The girl,NOM,PER,82114,82115
469,the girl,her,PRON,PER,82125,82125
247,White Cloud,You,PRON,PER,82132,82132
247,White Cloud,White Cloud,PROP,PER,82134,82135
247,White Cloud,you,PRON,PER,82139,82139
219,Peiqin,Peiqin,PROP,PER,82142,82142
469,the girl,I,PRON,PER,82149,82149
219,Peiqin,Peiqin,PROP,PER,82151,82151
904,his mother,His mother,NOM,PER,82168,82169
904,his mother,her,PRON,PER,82177,82177
247,White Cloud,White Cloud,PROP,PER,82201,82202
247,White Cloud,her,PRON,PER,82204,82204
3726,Character_3726,you,PRON,PER,82209,82209
247,White Cloud,White Cloud,PROP,PER,82214,82215
3726,Character_3726,she,PRON,PER,82228,82228
542,the old woman,the old woman,NOM,PER,82233,82235
3726,Character_3726,her,PRON,PER,82237,82237
542,the old woman,the old woman,NOM,PER,82253,82255
219,Peiqin,Peiqin,PROP,PER,82279,82279
219,Peiqin,Peiqin,PROP,PER,82281,82281
219,Peiqin,She,PRON,PER,82296,82296
219,Peiqin,She,PRON,PER,82307,82307
219,Peiqin,She,PRON,PER,82314,82314
219,Peiqin,she,PRON,PER,82330,82330
247,White Cloud,White Cloud,PROP,PER,82357,82358
219,Peiqin,Peiqin,PROP,PER,82372,82372
219,Peiqin,she,PRON,PER,82385,82385
542,the old woman,the old woman,NOM,PER,82389,82391
542,the old woman,You,PRON,PER,82394,82394
219,Peiqin,me,PRON,PER,82397,82397
219,Peiqin,Peiqin,PROP,PER,82403,82403
542,the old woman,you,PRON,PER,82446,82446
542,the old woman,your,PRON,PER,82457,82457
542,the old woman,The old woman,NOM,PER,82464,82466
542,the old woman,her,PRON,PER,82469,82469
542,the old woman,you,PRON,PER,82499,82499
219,Peiqin,Peiqin,PROP,PER,82503,82503
219,Peiqin,Peiqin,PROP,PER,82528,82528
247,White Cloud,White Cloud,PROP,PER,82531,82532
542,the old woman,you,PRON,PER,82539,82539
542,the old woman,you,PRON,PER,82553,82553
542,the old woman,You,PRON,PER,82555,82555
219,Peiqin,Peiqin,PROP,PER,82597,82597
3745,Character_3745,She,PRON,PER,82611,82611
3745,Character_3745,she,PRON,PER,82630,82630
3745,Character_3745,her,PRON,PER,82637,82637
904,his mother,His mother,NOM,PER,82910,82911
244,An,An,PROP,PER,83023,83023
244,An,An,PROP,PER,83040,83040
284,Shasha,Shasha,PROP,PER,84066,84066
284,Shasha,She,PRON,PER,84068,84068
284,Shasha,I,PRON,PER,84088,84088
284,Shasha,Shasha,PROP,PER,84179,84179
3573,the woman,The woman,NOM,PER,84285,84286
3573,the woman,the woman,NOM,PER,84360,84361
219,Peiqin,Peiqin,PROP,PER,84425,84425
3573,the woman,she,PRON,PER,84464,84464
3573,the woman,her,PRON,PER,84507,84507
232,Catherine,Catherine Rohn,PROP,PER,84513,84514
284,Shasha,Shasha,PROP,PER,84619,84619
3855,a naked girl with Chinese characters tattooed on her back,a naked girl with Chinese characters tattooed on her back,NOM,PER,84744,84753
3855,a naked girl with Chinese characters tattooed on her back,her,PRON,PER,84752,84752
284,Shasha,Shasha,PROP,PER,85107,85107
284,Shasha,She,PRON,PER,85109,85109
284,Shasha,her,PRON,PER,85122,85122
284,Shasha,her,PRON,PER,85148,85148
284,Shasha,Shasha,PROP,PER,85365,85365
454,the night manager,The night manager,NOM,PER,85676,85678
454,the night manager,she,PRON,PER,85680,85680
3895,the night manger,the night manger,NOM,PER,85698,85700
3895,the night manger,she,PRON,PER,85708,85708
3895,the night manger,she,PRON,PER,85719,85719
358,Detective Lenich,Jonathan Lenich,PROP,PER,85944,85945
358,Detective Lenich,Detective Lenich,PROP,PER,85969,85970
358,Detective Lenich,Detective Lenich,PROP,PER,85995,85996
358,Detective Lenich,Detective Lenich,PROP,PER,86540,86541
284,Shasha,Shasha,PROP,PER,86809,86809
284,Shasha,she,PRON,PER,86814,86814
284,Shasha,her,PRON,PER,86821,86821
219,Peiqin,Peiqin,PROP,PER,87124,87124
219,Peiqin,Peiqin,PROP,PER,87243,87243
219,Peiqin,She,PRON,PER,87279,87279
219,Peiqin,She,PRON,PER,87301,87301
244,An,An,PROP,PER,87435,87435
219,Peiqin,Peiqin,PROP,PER,87518,87518
3480,Chen 's mother,Chen 's mother,NOM,PER,87523,87525
542,the old woman,the old woman,NOM,PER,87547,87549
542,the old woman,the old woman,NOM,PER,87566,87568
542,the old woman,she,PRON,PER,87576,87576
244,An,An,PROP,PER,87614,87614
244,An,her,PRON,PER,87662,87662
244,An,An,PROP,PER,87708,87708
247,White Cloud,White Cloud,PROP,PER,87858,87859
3480,Chen 's mother,Chen 's mother,NOM,PER,87874,87876
4009,Character_4009,she,PRON,PER,88155,88155
4009,Character_4009,She,PRON,PER,88158,88158
219,Peiqin,Peiqin,PROP,PER,88271,88271
219,Peiqin,Peiqin,PROP,PER,88362,88362
247,White Cloud,White Cloud,PROP,PER,88364,88365
219,Peiqin,Peiqin,PROP,PER,88370,88370
219,Peiqin,Peiqin,PROP,PER,88551,88551
244,An,An,PROP,PER,88683,88683
244,An,her,PRON,PER,88687,88687
219,Peiqin,Peiqin,PROP,PER,88746,88746
219,Peiqin,Peiqin,PROP,PER,88816,88816
219,Peiqin,Peiqin,PROP,PER,88856,88856
219,Peiqin,her,PRON,PER,88917,88917
219,Peiqin,She,PRON,PER,88926,88926
219,Peiqin,Peiqin,PROP,PER,88965,88965
219,Peiqin,her,PRON,PER,88976,88976
219,Peiqin,she,PRON,PER,88981,88981
219,Peiqin,her,PRON,PER,88985,88985
219,Peiqin,her,PRON,PER,88988,88988
3480,Chen 's mother,Chen 's mother,NOM,PER,88992,88994
219,Peiqin,she,PRON,PER,89009,89009
219,Peiqin,Peiqin,PROP,PER,89050,89050
219,Peiqin,Peiqin,PROP,PER,89241,89241
244,An,An,PROP,PER,89288,89288
219,Peiqin,Peiqin,PROP,PER,89442,89442
219,Peiqin,her,PRON,PER,89454,89454
219,Peiqin,Peiqin,PROP,PER,89493,89493
219,Peiqin,Peiqin,PROP,PER,89666,89666
219,Peiqin,her,PRON,PER,89670,89670
219,Peiqin,she,PRON,PER,89705,89705
4101,A model - like hostess,A model - like hostess,NOM,PER,90065,90069
4101,A model - like hostess,her,PRON,PER,90077,90077
4101,A model - like hostess,her,PRON,PER,90085,90085
4101,A model - like hostess,She,PRON,PER,90099,90099
4101,A model - like hostess,her,PRON,PER,90106,90106
4101,A model - like hostess,your,PRON,PER,90116,90116
4101,A model - like hostess,she,PRON,PER,90125,90125
4101,A model - like hostess,Her,PRON,PER,90145,90145
4101,A model - like hostess,She,PRON,PER,90157,90157
4119,Character_4119,she,PRON,PER,90431,90431
4119,Character_4119,You,PRON,PER,90474,90474
4119,Character_4119,you,PRON,PER,90526,90526
4119,Character_4119,She,PRON,PER,90533,90533
4119,Character_4119,her,PRON,PER,90547,90547
4119,Character_4119,You,PRON,PER,90551,90551
4119,Character_4119,you,PRON,PER,90564,90564
4119,Character_4119,She,PRON,PER,90567,90567
4119,Character_4119,her,PRON,PER,90569,90569
4119,Character_4119,her,PRON,PER,90574,90574
4124,Character_4124,her,PRON,PER,90642,90642
4124,Character_4124,me,PRON,PER,90675,90675
4124,Character_4124,I,PRON,PER,90680,90680
4124,Character_4124,she,PRON,PER,90688,90688
4124,Character_4124,She,PRON,PER,90699,90699
4124,Character_4124,she,PRON,PER,90746,90746
4124,Character_4124,she,PRON,PER,90752,90752
4124,Character_4124,she,PRON,PER,90761,90761
4124,Character_4124,her,PRON,PER,90774,90774
4124,Character_4124,she,PRON,PER,90792,90792
4124,Character_4124,she,PRON,PER,90798,90798
219,Peiqin,Peiqin,PROP,PER,91016,91016
219,Peiqin,Peiqin,PROP,PER,91059,91059
219,Peiqin,Peiqin,PROP,PER,91173,91173
284,Shasha,Shasha,PROP,PER,91415,91415
284,Shasha,her,PRON,PER,91420,91420
284,Shasha,her,PRON,PER,91426,91426
284,Shasha,Shasha,PROP,PER,91628,91628
447,One of them,One of them,NOM,FAC,91692,91694
358,Detective Lenich,Detective Jonathan Lenich,PROP,PER,91723,91725
4182,a young blond woman in a white blouse and blue jeans,a young blond woman in a white blouse and blue jeans,NOM,PER,91765,91775
4182,a young blond woman in a white blouse and blue jeans,I,PRON,PER,91784,91784
232,Catherine,Catherine Rohn,PROP,PER,91786,91787
4182,a young blond woman in a white blouse and blue jeans,her,PRON,PER,91824,91824
365,Miss Rohn,Miss Rohn,PROP,PER,91843,91844
4182,a young blond woman in a white blouse and blue jeans,her,PRON,PER,91851,91851
4182,a young blond woman in a white blouse and blue jeans,her,PRON,PER,91855,91855
4182,a young blond woman in a white blouse and blue jeans,her,PRON,PER,91871,91871
4182,a young blond woman in a white blouse and blue jeans,she,PRON,PER,91930,91930
4182,a young blond woman in a white blouse and blue jeans,her,PRON,PER,91963,91963
4182,a young blond woman in a white blouse and blue jeans,she,PRON,PER,91975,91975
4182,a young blond woman in a white blouse and blue jeans,her,PRON,PER,92080,92080
4182,a young blond woman in a white blouse and blue jeans,I,PRON,PER,92092,92092
4182,a young blond woman in a white blouse and blue jeans,she,PRON,PER,92101,92101
4182,a young blond woman in a white blouse and blue jeans,her,PRON,PER,92106,92106
4182,a young blond woman in a white blouse and blue jeans,me,PRON,PER,92116,92116
4182,a young blond woman in a white blouse and blue jeans,me,PRON,PER,92130,92130
358,Detective Lenich,Detective Lenich,PROP,PER,92140,92141
4182,a young blond woman in a white blouse and blue jeans,She,PRON,PER,92147,92147
4182,a young blond woman in a white blouse and blue jeans,her,PRON,PER,92168,92168
4182,a young blond woman in a white blouse and blue jeans,her,PRON,PER,92189,92189
232,Catherine,Catherine,PROP,PER,92192,92192
358,Detective Lenich,I,PRON,PER,92201,92201
358,Detective Lenich,Lenich,PROP,PER,92210,92210
232,Catherine,You,PRON,PER,92214,92214
4182,a young blond woman in a white blouse and blue jeans,me,PRON,PER,92219,92219
232,Catherine,Catherine,PROP,PER,92267,92267
232,Catherine,She,PRON,PER,92269,92269
232,Catherine,her,PRON,PER,92280,92280
232,Catherine,her,PRON,PER,92289,92289
232,Catherine,her,PRON,PER,92294,92294
232,Catherine,her,PRON,PER,92314,92314
232,Catherine,She,PRON,PER,92405,92405
358,Detective Lenich,Lenich,PROP,PER,92412,92412
232,Catherine,She,PRON,PER,92442,92442
232,Catherine,I,PRON,PER,92454,92454
232,Catherine,She,PRON,PER,92493,92493
277,Yang,Yang,PROP,PER,92549,92549
358,Detective Lenich,Detective Lenich,PROP,PER,92567,92568
365,Miss Rohn,Miss Rohn,PROP,PER,92640,92641
232,Catherine,Catherine,PROP,PER,92686,92686
358,Detective Lenich,Detective Lenich,PROP,PER,92701,92702
232,Catherine,Catherine,PROP,PER,92787,92787
232,Catherine,Catherine,PROP,PER,92844,92844
358,Detective Lenich,Detective Lenich,PROP,PER,92864,92865
232,Catherine,Catherine,PROP,PER,92976,92976
358,Detective Lenich,Lenich,PROP,PER,92985,92985
284,Shasha,Shasha,PROP,PER,93009,93009
358,Detective Lenich,Lenich,PROP,PER,93032,93032
284,Shasha,I,PRON,PER,93052,93052
358,Detective Lenich,Detective Lenich,PROP,PER,93067,93068
232,Catherine,Catherine,PROP,PER,93085,93085
232,Catherine,you,PRON,PER,93137,93137
232,Catherine,I,PRON,PER,93156,93156
232,Catherine,Catherine,PROP,PER,93165,93165
232,Catherine,She,PRON,PER,93168,93168
232,Catherine,me,PRON,PER,93188,93188
4242,Character_4242,she,PRON,PER,93258,93258
4242,Character_4242,she,PRON,PER,93268,93268
4242,Character_4242,I,PRON,PER,93273,93273
4242,Character_4242,me,PRON,PER,93280,93280
4242,Character_4242,she,PRON,PER,93321,93321
4242,Character_4242,her,PRON,PER,93328,93328
4247,Character_4247,her,PRON,PER,93446,93446
4247,Character_4247,she,PRON,PER,93453,93453
4247,Character_4247,she,PRON,PER,93462,93462
4247,Character_4247,you,PRON,PER,93481,93481
4247,Character_4247,You,PRON,PER,93492,93492
4247,Character_4247,you,PRON,PER,93503,93503
4247,Character_4247,you,PRON,PER,93528,93528
4247,Character_4247,you,PRON,PER,93536,93536
4250,my ' beautiful American girlfriend,my ' beautiful American girlfriend,NOM,PER,93539,93543
4247,Character_4247,you,PRON,PER,93557,93557
4250,my ' beautiful American girlfriend,her,PRON,PER,93593,93593
232,Catherine,Catherine,PROP,PER,93677,93677
232,Catherine,she,PRON,PER,93707,93707
232,Catherine,you,PRON,PER,93735,93735
232,Catherine,her,PRON,PER,93756,93756
232,Catherine,she,PRON,PER,93762,93762
232,Catherine,She,PRON,PER,93769,93769
232,Catherine,Catherine,PROP,PER,93783,93783
232,Catherine,you,PRON,PER,93786,93786
232,Catherine,you,PRON,PER,93792,93792
232,Catherine,you,PRON,PER,93797,93797
232,Catherine,Catherine,PROP,PER,93874,93874
232,Catherine,she,PRON,PER,93884,93884
232,Catherine,She,PRON,PER,93926,93926
232,Catherine,her,PRON,PER,93937,93937
232,Catherine,she,PRON,PER,93944,93944
358,Detective Lenich,Detective Lenich,PROP,PER,93955,93956
284,Shasha,Shasha,PROP,PER,93970,93970
232,Catherine,Catherine,PROP,PER,93981,93981
358,Detective Lenich,Detective Lenich,PROP,PER,94012,94013
284,Shasha,Shasha,PROP,PER,94345,94345
284,Shasha,her,PRON,PER,94352,94352
358,Detective Lenich,Detective Lenich,PROP,PER,94480,94481
284,Shasha,Shasha,PROP,PER,94555,94555
284,Shasha,She,PRON,PER,94571,94571
284,Shasha,her,PRON,PER,94574,94574
284,Shasha,she,PRON,PER,94578,94578
358,Detective Lenich,Detective Lenich,PROP,PER,94715,94716
232,Catherine,Catherine Rohn,PROP,PER,94967,94968
232,Catherine,She,PRON,PER,94975,94975
284,Shasha,Shasha,PROP,PER,94997,94997
232,Catherine,She,PRON,PER,95001,95001
232,Catherine,Catherine,PROP,PER,95023,95023
4322,Character_4322,She,PRON,PER,95069,95069
4322,Character_4322,me,PRON,PER,95077,95077
4322,Character_4322,her,PRON,PER,95094,95094
4322,Character_4322,her,PRON,PER,95103,95103
4322,Character_4322,her,PRON,PER,95134,95134
232,Catherine,Catherine,PROP,PER,95156,95156
365,Miss Rohn,Miss Rohn,PROP,PER,95164,95165
284,Shasha,Shasha,PROP,PER,95206,95206
232,Catherine,she,PRON,PER,95227,95227
358,Detective Lenich,Detective Lenich,PROP,PER,95245,95246
232,Catherine,Catherine,PROP,PER,95248,95248
232,Catherine,Her,PRON,PER,95252,95252
232,Catherine,She,PRON,PER,95271,95271
232,Catherine,She,PRON,PER,95287,95287
232,Catherine,her,PRON,PER,95294,95294
232,Catherine,She,PRON,PER,95299,95299
358,Detective Lenich,Detective Lenich,PROP,PER,95310,95311
358,Detective Lenich,Detective Lenich,PROP,PER,95471,95472
358,Detective Lenich,Lenich,PROP,PER,95535,95535
358,Detective Lenich,Detective Lenich,PROP,PER,95589,95590
284,Shasha,Shasha,PROP,PER,95595,95595
358,Detective Lenich,Detective Lenich,PROP,PER,95643,95644
284,Shasha,Shasha,PROP,PER,95685,95685
358,Detective Lenich,Lenich,PROP,PER,95702,95702
232,Catherine,Catherine,PROP,PER,95746,95746
358,Detective Lenich,Detective Lenich,PROP,PER,95764,95765
358,Detective Lenich,Lenich,PROP,PER,95771,95771
232,Catherine,her,PRON,PER,95775,95775
232,Catherine,She,PRON,PER,95782,95782
232,Catherine,she,PRON,PER,95803,95803
232,Catherine,Catherine,PROP,PER,96085,96085
358,Detective Lenich,Detective Lenich,PROP,PER,96199,96200
4390,Character_4390,She,PRON,PER,96220,96220
4390,Character_4390,she,PRON,PER,96280,96280
4390,Character_4390,she,PRON,PER,96343,96343
4390,Character_4390,her,PRON,PER,96345,96345
4390,Character_4390,she,PRON,PER,96362,96362
4390,Character_4390,she,PRON,PER,96374,96374
232,Catherine,Catherine,PROP,PER,96395,96395
232,Catherine,her,PRON,PER,96423,96423
232,Catherine,she,PRON,PER,96427,96427
232,Catherine,her,PRON,PER,96444,96444
232,Catherine,she,PRON,PER,96458,96458
232,Catherine,herself,PRON,PER,96460,96460
232,Catherine,She,PRON,PER,96467,96467
232,Catherine,She,PRON,PER,96487,96487
232,Catherine,her,PRON,PER,96504,96504
232,Catherine,She,PRON,PER,96591,96591
232,Catherine,She,PRON,PER,96600,96600
232,Catherine,She,PRON,PER,96647,96647
232,Catherine,she,PRON,PER,96659,96659
232,Catherine,her,PRON,PER,96672,96672
232,Catherine,she,PRON,PER,96705,96705
232,Catherine,her,PRON,PER,96727,96727
232,Catherine,she,PRON,PER,96731,96731
232,Catherine,She,PRON,PER,96736,96736
232,Catherine,she,PRON,PER,96760,96760
232,Catherine,she,PRON,PER,96772,96772
232,Catherine,She,PRON,PER,96782,96782
232,Catherine,she,PRON,PER,96838,96838
232,Catherine,she,PRON,PER,96888,96888
232,Catherine,herself,PRON,PER,96890,96890
232,Catherine,her,PRON,PER,96899,96899
232,Catherine,her,PRON,PER,96902,96902
232,Catherine,She,PRON,PER,96905,96905
232,Catherine,She,PRON,PER,96917,96917
232,Catherine,she,PRON,PER,96926,96926
232,Catherine,her,PRON,PER,96946,96946
232,Catherine,her,PRON,PER,97039,97039
232,Catherine,her,PRON,PER,97042,97042
232,Catherine,you,PRON,PER,97062,97062
232,Catherine,she,PRON,PER,97089,97089
232,Catherine,herself,PRON,PER,97091,97091
232,Catherine,her,PRON,PER,97095,97095
232,Catherine,her,PRON,PER,97099,97099
232,Catherine,She,PRON,PER,97117,97117
232,Catherine,she,PRON,PER,97170,97170
232,Catherine,her,PRON,PER,97176,97176
232,Catherine,she,PRON,PER,97228,97228
232,Catherine,she,PRON,PER,97232,97232
358,Detective Lenich,Lenich,PROP,PER,97250,97250
232,Catherine,she,PRON,PER,97257,97257
232,Catherine,She,PRON,PER,97271,97271
232,Catherine,her,PRON,PER,97276,97276
232,Catherine,She,PRON,PER,97279,97279
232,Catherine,Her,PRON,PER,97290,97290
232,Catherine,her,PRON,PER,97317,97317
232,Catherine,You,PRON,PER,97332,97332
232,Catherine,you,PRON,PER,97370,97370
232,Catherine,I,PRON,PER,97376,97376
232,Catherine,she,PRON,PER,97389,97389
232,Catherine,she,PRON,PER,97483,97483
358,Detective Lenich,Detective Lenich,PROP,PER,97542,97543
6102,Character_6102,she,PRON,PER,97576,97576
358,Detective Lenich,Detective Lenich,PROP,PER,97634,97635
6102,Character_6102,her,PRON,PER,97663,97663
358,Detective Lenich,Lenich,PROP,PER,97695,97695
4433,Character_4433,She,PRON,PER,97707,97707
4433,Character_4433,she,PRON,PER,97712,97712
358,Detective Lenich,Detective Lenich,PROP,PER,97730,97731
358,Detective Lenich,Detective Lenich,PROP,PER,97847,97848
4433,Character_4433,she,PRON,PER,97864,97864
4433,Character_4433,she,PRON,PER,97867,97867
4433,Character_4433,her,PRON,PER,97869,97869
4433,Character_4433,she,PRON,PER,97873,97873
232,Catherine,Catherine,PROP,PER,97898,97898
232,Catherine,You,PRON,PER,97905,97905
4433,Character_4433,She,PRON,PER,97922,97922
4433,Character_4433,her,PRON,PER,97931,97931
4433,Character_4433,She,PRON,PER,98019,98019
4433,Character_4433,She,PRON,PER,98029,98029
365,Miss Rohn,Miss Rohn,PROP,PER,98082,98083
4433,Character_4433,you,PRON,PER,98098,98098
358,Detective Lenich,Detective Lenich,PROP,PER,98113,98114
964,my mother,my mother,NOM,PER,98157,98158
1083,your mother,your mother,NOM,PER,98198,98199
1083,your mother,she,PRON,PER,98205,98205
1083,your mother,she,PRON,PER,98218,98218
358,Detective Lenich,Lenich,PROP,PER,98225,98225
1083,your mother,her,PRON,PER,98237,98237
1083,your mother,She,PRON,PER,98244,98244
1083,your mother,you,PRON,PER,98263,98263
1083,your mother,her,PRON,PER,98280,98280
1083,your mother,You,PRON,PER,98315,98315
284,Shasha,Shasha,PROP,PER,98368,98368
284,Shasha,Shasha,PROP,PER,98391,98391
365,Miss Rohn,Miss Rohn,PROP,PER,98398,98399
365,Miss Rohn,her,PRON,PER,98422,98422
284,Shasha,Shasha,PROP,PER,98436,98436
365,Miss Rohn,Miss Rohn,PROP,PER,98504,98505
365,Miss Rohn,her,PRON,PER,98524,98524
232,Catherine,Catherine,PROP,PER,98529,98529
284,Shasha,Shasha,PROP,PER,98541,98541
365,Miss Rohn,her,PRON,PER,98588,98588
284,Shasha,Shasha,PROP,PER,98591,98591
232,Catherine,Catherine,PROP,PER,98597,98597
232,Catherine,you,PRON,PER,98612,98612
232,Catherine,Catherine,PROP,PER,98615,98615
284,Shasha,Shasha,PROP,PER,98622,98622
284,Shasha,Shasha,PROP,PER,98643,98643
284,Shasha,Shasha,PROP,PER,98692,98692
232,Catherine,Catherine,PROP,PER,98719,98719
232,Catherine,her,PRON,PER,98721,98721
232,Catherine,I,PRON,PER,98727,98727
4454,Character_4454,She,PRON,PER,98865,98865
4454,Character_4454,me,PRON,PER,98886,98886
4454,Character_4454,she,PRON,PER,98908,98908
232,Catherine,Catherine,PROP,PER,99055,99055
232,Catherine,she,PRON,PER,99092,99092
232,Catherine,she,PRON,PER,99115,99115
232,Catherine,She,PRON,PER,99120,99120
232,Catherine,She,PRON,PER,99177,99177
232,Catherine,She,PRON,PER,99190,99190
358,Detective Lenich,Lenich,PROP,PER,99270,99270
232,Catherine,She,PRON,PER,99292,99292
232,Catherine,her,PRON,PER,99299,99299
277,Yang,Yang,PROP,PER,99312,99312
277,Yang,Yang,PROP,PER,99338,99338
232,Catherine,She,PRON,PER,99353,99353
313,Su Dongpo,Su Dongpo,PROP,PER,99372,99373
232,Catherine,she,PRON,PER,99379,99379
232,Catherine,her,PRON,PER,99383,99383
313,Su Dongpo,Su,PROP,PER,99389,99389
232,Catherine,she,PRON,PER,99392,99392
232,Catherine,she,PRON,PER,99475,99475
232,Catherine,she,PRON,PER,99487,99487
232,Catherine,her,PRON,PER,99505,99505
232,Catherine,she,PRON,PER,99510,99510
232,Catherine,she,PRON,PER,99519,99519
232,Catherine,her,PRON,PER,99522,99522
232,Catherine,She,PRON,PER,99527,99527
232,Catherine,she,PRON,PER,99540,99540
232,Catherine,her,PRON,PER,99552,99552
6114,Character_6114,She,PRON,PER,99715,99715
6114,Character_6114,she,PRON,PER,99781,99781
284,Shasha,Shasha,PROP,PER,99814,99814
284,Shasha,her,PRON,PER,99826,99826
284,Shasha,Shasha,PROP,PER,99846,99846
232,Catherine,Catherine,PROP,PER,99860,99860
232,Catherine,Catherine,PROP,PER,99901,99901
4496,Character_4496,you,PRON,PER,99925,99925
4496,Character_4496,your,PRON,PER,99927,99927
4496,Character_4496,You,PRON,PER,99941,99941
4496,Character_4496,I,PRON,PER,99986,99986
4496,Character_4496,She,PRON,PER,100014,100014
358,Detective Lenich,Detective Lenich,PROP,PER,100050,100051
4496,Character_4496,her,PRON,PER,100112,100112
4496,Character_4496,her,PRON,PER,100117,100117
4507,Character_4507,I,PRON,PER,100120,100120
4507,Character_4507,She,PRON,PER,100205,100205
4507,Character_4507,She,PRON,PER,100221,100221
4507,Character_4507,She,PRON,PER,100318,100318
4507,Character_4507,she,PRON,PER,100330,100330
284,Shasha,Shasha,PROP,PER,100502,100502
232,Catherine,Catherine,PROP,PER,100517,100517
232,Catherine,her,PRON,PER,100608,100608
232,Catherine,Catherine,PROP,PER,100612,100612
232,Catherine,her,PRON,PER,100618,100618
232,Catherine,her,PRON,PER,100633,100633
232,Catherine,She,PRON,PER,100636,100636
232,Catherine,her,PRON,PER,100643,100643
232,Catherine,She,PRON,PER,100654,100654
232,Catherine,She,PRON,PER,100683,100683
232,Catherine,she,PRON,PER,100691,100691
232,Catherine,She,PRON,PER,100721,100721
232,Catherine,She,PRON,PER,100773,100773
232,Catherine,her,PRON,PER,100775,100775
232,Catherine,She,PRON,PER,100778,100778
232,Catherine,Catherine,PROP,PER,100867,100867
358,Detective Lenich,Detective Lenich,PROP,PER,100878,100879
284,Shasha,Shasha,PROP,PER,100902,100902
284,Shasha,She,PRON,PER,100904,100904
284,Shasha,her,PRON,PER,100920,100920
284,Shasha,she,PRON,PER,100922,100922
284,Shasha,her,PRON,PER,100942,100942
284,Shasha,she,PRON,PER,100950,100950
284,Shasha,Shasha,PROP,PER,100978,100978
284,Shasha,Shasha,PROP,PER,101077,101077
284,Shasha,you,PRON,PER,101084,101084
6127,Character_6127,she,PRON,PER,101213,101213
358,Detective Lenich,Detective Lenich,PROP,PER,101252,101253
6127,Character_6127,she,PRON,PER,101268,101268
284,Shasha,Shasha,PROP,PER,101295,101295
232,Catherine,Catherine,PROP,PER,101302,101302
232,Catherine,her,PRON,PER,101323,101323
232,Catherine,she,PRON,PER,101338,101338
232,Catherine,I,PRON,PER,101343,101343
232,Catherine,she,PRON,PER,101347,101347
232,Catherine,me,PRON,PER,101354,101354
232,Catherine,me,PRON,PER,101369,101369
232,Catherine,her,PRON,PER,101381,101381
232,Catherine,she,PRON,PER,101394,101394
232,Catherine,her,PRON,PER,101422,101422
232,Catherine,She,PRON,PER,101432,101432
232,Catherine,she,PRON,PER,101435,101435
232,Catherine,her,PRON,PER,101437,101437
232,Catherine,she,PRON,PER,101461,101461
232,Catherine,her,PRON,PER,101492,101492
284,Shasha,Shasha,PROP,PER,101530,101530
284,Shasha,Shasha,PROP,PER,101631,101631
284,Shasha,Shasha,PROP,PER,101985,101985
284,Shasha,she,PRON,PER,101994,101994
232,Catherine,Catherine,PROP,PER,102046,102046
232,Catherine,her,PRON,PER,102048,102048
232,Catherine,Catherine,PROP,PER,102163,102163
284,Shasha,Shasha,PROP,PER,102218,102218
465,a young girl,a young girl,NOM,PER,102226,102228
465,a young girl,her,PRON,PER,102243,102243
465,a young girl,her,PRON,PER,102249,102249
232,Catherine,Catherine,PROP,PER,102271,102271
232,Catherine,Catherine,PROP,PER,102323,102323
284,Shasha,Shasha,PROP,PER,102343,102343
284,Shasha,I,PRON,PER,102353,102353
284,Shasha,me,PRON,PER,102362,102362
232,Catherine,Catherine,PROP,PER,102416,102416
232,Catherine,Catherine,PROP,PER,102461,102461
284,Shasha,Shasha,PROP,PER,102464,102464
232,Catherine,Catherine,PROP,PER,102552,102552
232,Catherine,She,PRON,PER,102558,102558
232,Catherine,Catherine,PROP,PER,102683,102683
4609,Character_4609,her,PRON,PER,102708,102708
4609,Character_4609,she,PRON,PER,102721,102721
4609,Character_4609,her,PRON,PER,102731,102731
4609,Character_4609,She,PRON,PER,102736,102736
4609,Character_4609,her,PRON,PER,102748,102748
4609,Character_4609,she,PRON,PER,102815,102815
4609,Character_4609,her,PRON,PER,102886,102886
4609,Character_4609,She,PRON,PER,103021,103021
4609,Character_4609,she,PRON,PER,103051,103051
4631,Character_4631,She,PRON,PER,103225,103225
4631,Character_4631,She,PRON,PER,103236,103236
4631,Character_4631,she,PRON,PER,103249,103249
4633,a gray - haired woman,a gray - haired woman,NOM,PER,103277,103281
4633,a gray - haired woman,her,PRON,PER,103289,103289
4633,a gray - haired woman,you,PRON,PER,103296,103296
3573,the woman,the woman,NOM,PER,103313,103314
3573,the woman,her,PRON,PER,103325,103325
4633,a gray - haired woman,She,PRON,PER,103329,103329
4633,a gray - haired woman,her,PRON,PER,103341,103341
232,Catherine,Catherine,PROP,PER,103390,103390
3573,the woman,the woman,NOM,PER,103424,103425
232,Catherine,Catherine,PROP,PER,103460,103460
373,Vivian,Viv,PROP,PER,103482,103482
373,Vivian,Vivian,PROP,PER,103523,103523
373,Vivian,her,PRON,PER,103530,103530
373,Vivian,her,PRON,PER,103537,103537
373,Vivian,she,PRON,PER,103561,103561
373,Vivian,Vivian,PROP,PER,103597,103597
373,Vivian,her,PRON,PER,103635,103635
373,Vivian,she,PRON,PER,103639,103639
373,Vivian,her,PRON,PER,103656,103656
373,Vivian,she,PRON,PER,103680,103680
373,Vivian,she,PRON,PER,103801,103801
373,Vivian,her,PRON,PER,103818,103818
373,Vivian,you,PRON,PER,103826,103826
373,Vivian,you,PRON,PER,103833,103833
373,Vivian,she,PRON,PER,103849,103849
373,Vivian,she,PRON,PER,103938,103938
373,Vivian,She,PRON,PER,103979,103979
373,Vivian,hers,PRON,PER,103988,103988
373,Vivian,I,PRON,PER,104008,104008
373,Vivian,She,PRON,PER,104019,104019
373,Vivian,her,PRON,PER,104035,104035
373,Vivian,her,PRON,PER,104040,104040
232,Catherine,Catherine,PROP,PER,104126,104126
4679,Character_4679,She,PRON,PER,104287,104287
4679,Character_4679,she,PRON,PER,104302,104302
4679,Character_4679,she,PRON,PER,104340,104340
4679,Character_4679,me,PRON,PER,104345,104345
4679,Character_4679,She,PRON,PER,104362,104362
4679,Character_4679,She,PRON,PER,104371,104371
4679,Character_4679,her,PRON,PER,104405,104405
4679,Character_4679,she,PRON,PER,104418,104418
4679,Character_4679,she,PRON,PER,104422,104422
4679,Character_4679,her,PRON,PER,104510,104510
244,An,An,PROP,PER,104524,104524
4679,Character_4679,She,PRON,PER,104528,104528
4679,Character_4679,She,PRON,PER,104542,104542
4679,Character_4679,her,PRON,PER,104546,104546
4679,Character_4679,she,PRON,PER,104555,104555
4679,Character_4679,her,PRON,PER,104583,104583
4679,Character_4679,she,PRON,PER,104606,104606
4679,Character_4679,she,PRON,PER,104625,104625
4679,Character_4679,She,PRON,PER,104646,104646
232,Catherine,Catherine,PROP,PER,104747,104747
232,Catherine,her,PRON,PER,104756,104756
232,Catherine,me,PRON,PER,104772,104772
232,Catherine,She,PRON,PER,104778,104778
232,Catherine,her,PRON,PER,104781,104781
4694,Character_4694,You,PRON,PER,105030,105030
4694,Character_4694,She,PRON,PER,105037,105037
4694,Character_4694,She,PRON,PER,105056,105056
4694,Character_4694,her,PRON,PER,105062,105062
4694,Character_4694,she,PRON,PER,105073,105073
4694,Character_4694,her,PRON,PER,105080,105080
4711,Character_4711,I,PRON,PER,105359,105359
4711,Character_4711,she,PRON,PER,105366,105366
358,Detective Lenich,Detective Lenich,PROP,PER,105854,105855
232,Catherine,Catherine,PROP,PER,106034,106034
232,Catherine,she,PRON,PER,106064,106064
232,Catherine,her,PRON,PER,106069,106069
232,Catherine,Catherine,PROP,PER,106155,106155
232,Catherine,You,PRON,PER,106169,106169
284,Shasha,Shasha,PROP,PER,106178,106178
232,Catherine,her,PRON,PER,106181,106181
232,Catherine,Catherine,PROP,PER,106194,106194
232,Catherine,she,PRON,PER,106205,106205
232,Catherine,she,PRON,PER,106220,106220
358,Detective Lenich,Detective Lenich,PROP,PER,106226,106227
232,Catherine,She,PRON,PER,106269,106269
232,Catherine,her,PRON,PER,106271,106271
358,Detective Lenich,Lenich,PROP,PER,106275,106275
232,Catherine,her,PRON,PER,106282,106282
232,Catherine,she,PRON,PER,106286,106286
232,Catherine,her,PRON,PER,106291,106291
232,Catherine,she,PRON,PER,106300,106300
232,Catherine,she,PRON,PER,106306,106306
232,Catherine,her,PRON,PER,106319,106319
232,Catherine,her,PRON,PER,106442,106442
232,Catherine,she,PRON,PER,106445,106445
232,Catherine,she,PRON,PER,106489,106489
232,Catherine,She,PRON,PER,106498,106498
284,Shasha,Shasha,PROP,PER,106672,106672
284,Shasha,her,PRON,PER,106681,106681
284,Shasha,her,PRON,PER,106687,106687
232,Catherine,Catherine,PROP,PER,106790,106790
542,the old woman,the old woman,NOM,PER,106844,106846
232,Catherine,Catherine,PROP,PER,106855,106855
232,Catherine,her,PRON,PER,106862,106862
232,Catherine,Catherine,PROP,PER,107008,107008
6180,his girlfriend,his girlfriend,NOM,PER,107036,107037
6180,his girlfriend,she,PRON,PER,107095,107095
6180,his girlfriend,she,PRON,PER,107116,107116
380,Professor Thurston,Professor Thurston,PROP,PER,107250,107251
4799,Character_4799,she,PRON,PER,107258,107258
4799,Character_4799,She,PRON,PER,107268,107268
380,Professor Thurston,Professor Thurston,PROP,PER,107358,107359
232,Catherine,Catherine,PROP,PER,107384,107384
232,Catherine,her,PRON,PER,107394,107394
232,Catherine,you,PRON,PER,107424,107424
232,Catherine,your,PRON,PER,107432,107432
232,Catherine,your,PRON,PER,107438,107438
232,Catherine,she,PRON,PER,107467,107467
232,Catherine,her,PRON,PER,107491,107491
232,Catherine,she,PRON,PER,107496,107496
232,Catherine,her,PRON,PER,107499,107499
232,Catherine,she,PRON,PER,107519,107519
232,Catherine,She,PRON,PER,107523,107523
232,Catherine,She,PRON,PER,107533,107533
232,Catherine,she,PRON,PER,107537,107537
232,Catherine,her,PRON,PER,107540,107540
232,Catherine,she,PRON,PER,107544,107544
232,Catherine,she,PRON,PER,107550,107550
232,Catherine,she,PRON,PER,107564,107564
232,Catherine,her,PRON,PER,107567,107567
232,Catherine,she,PRON,PER,107570,107570
232,Catherine,her,PRON,PER,107573,107573
232,Catherine,Her,PRON,PER,107576,107576
232,Catherine,She,PRON,PER,107586,107586
232,Catherine,she,PRON,PER,107601,107601
232,Catherine,herself,PRON,PER,107603,107603
232,Catherine,she,PRON,PER,107606,107606
232,Catherine,She,PRON,PER,107624,107624
232,Catherine,her,PRON,PER,107646,107646
232,Catherine,She,PRON,PER,107668,107668
232,Catherine,she,PRON,PER,107716,107716
232,Catherine,her,PRON,PER,107728,107728
232,Catherine,she,PRON,PER,107735,107735
232,Catherine,she,PRON,PER,107744,107744
232,Catherine,She,PRON,PER,107750,107750
232,Catherine,she,PRON,PER,107774,107774
232,Catherine,she,PRON,PER,107802,107802
232,Catherine,her,PRON,PER,107814,107814
232,Catherine,she,PRON,PER,107823,107823
232,Catherine,her,PRON,PER,107868,107868
232,Catherine,She,PRON,PER,107878,107878
232,Catherine,she,PRON,PER,107913,107913
232,Catherine,she,PRON,PER,107919,107919
232,Catherine,her,PRON,PER,107933,107933
232,Catherine,Her,PRON,PER,107958,107958
232,Catherine,her,PRON,PER,107973,107973
232,Catherine,she,PRON,PER,108009,108009
232,Catherine,she,PRON,PER,108017,108017
232,Catherine,her,PRON,PER,108025,108025
232,Catherine,She,PRON,PER,108028,108028
232,Catherine,she,PRON,PER,108056,108056
232,Catherine,herself,PRON,PER,108058,108058
232,Catherine,she,PRON,PER,108061,108061
904,his mother,his mother,NOM,PER,108177,108178
232,Catherine,Catherine,PROP,PER,108410,108410
232,Catherine,herself,PRON,PER,108419,108419
232,Catherine,she,PRON,PER,108427,108427
232,Catherine,She,PRON,PER,108439,108439
232,Catherine,her,PRON,PER,108488,108488
232,Catherine,She,PRON,PER,108508,108508
232,Catherine,she,PRON,PER,108520,108520
232,Catherine,She,PRON,PER,108539,108539
232,Catherine,her,PRON,PER,108543,108543
232,Catherine,her,PRON,PER,108547,108547
232,Catherine,she,PRON,PER,108550,108550
219,Peiqin,Peiqin,PROP,PER,108611,108611
219,Peiqin,her,PRON,PER,108616,108616
219,Peiqin,her,PRON,PER,108651,108651
219,Peiqin,Peiqin,PROP,PER,109139,109139
219,Peiqin,She,PRON,PER,109148,109148
219,Peiqin,she,PRON,PER,109222,109222
219,Peiqin,She,PRON,PER,109308,109308
219,Peiqin,her,PRON,PER,109350,109350
4855,Character_4855,she,PRON,PER,109361,109361
4855,Character_4855,herself,PRON,PER,109367,109367
4855,Character_4855,She,PRON,PER,109371,109371
3480,Chen 's mother,Chen 's mother,NOM,PER,109376,109378
247,White Cloud,White Cloud,PROP,PER,109382,109383
247,White Cloud,her,PRON,PER,109388,109388
219,Peiqin,Peiqin,PROP,PER,109396,109396
4855,Character_4855,her,PRON,PER,109398,109398
542,the old woman,the old woman,NOM,PER,109410,109412
4855,Character_4855,she,PRON,PER,109478,109478
220,Old Geng,Old Geng,PROP,PER,109494,109495
244,An,An,PROP,PER,110167,110167
4897,A hostess,A hostess,NOM,PER,110455,110456
4897,A hostess,her,PRON,PER,110464,110464
4897,A hostess,her,PRON,PER,110477,110477
4897,A hostess,your,PRON,PER,110486,110486
447,One of them,One of them,NOM,PER,110827,110829
469,the girl,the girl,NOM,PER,112626,112627
4971,this prostitute,this prostitute,NOM,PER,112657,112658
4971,this prostitute,she,PRON,PER,112664,112664
469,the girl,the girl,NOM,PER,112681,112682
4971,this prostitute,She,PRON,PER,112748,112748
4971,this prostitute,her,PRON,PER,112777,112777
5010,Character_5010,her,PRON,PER,113553,113553
5010,Character_5010,she,PRON,PER,113602,113602
5010,Character_5010,she,PRON,PER,113616,113616
5010,Character_5010,she,PRON,PER,113628,113628
5010,Character_5010,her,PRON,PER,113733,113733
5010,Character_5010,she,PRON,PER,113749,113749
5010,Character_5010,her,PRON,PER,113754,113754
5010,Character_5010,herself,PRON,PER,113764,113764
5010,Character_5010,She,PRON,PER,113766,113766
5010,Character_5010,her,PRON,PER,113772,113772
5010,Character_5010,she,PRON,PER,113780,113780
5010,Character_5010,she,PRON,PER,113796,113796
5010,Character_5010,hers,PRON,PER,113801,113801
5010,Character_5010,her,PRON,PER,113815,113815
5010,Character_5010,Her,PRON,PER,113818,113818
232,Catherine,Catherine,PROP,PER,113964,113964
232,Catherine,me,PRON,PER,113970,113970
5010,Character_5010,She,PRON,PER,113995,113995
284,Shasha,Shasha,PROP,PER,114020,114020
284,Shasha,She,PRON,PER,114032,114032
284,Shasha,her,PRON,PER,114036,114036
284,Shasha,she,PRON,PER,114136,114136
284,Shasha,she,PRON,PER,114171,114171
284,Shasha,she,PRON,PER,114228,114228
284,Shasha,Shasha,PROP,PER,114321,114321
232,Catherine,Catherine,PROP,PER,114417,114417
232,Catherine,Catherine,PROP,PER,114447,114447
232,Catherine,her,PRON,PER,114456,114456
232,Catherine,She,PRON,PER,114468,114468
232,Catherine,she,PRON,PER,114490,114490
232,Catherine,she,PRON,PER,114497,114497
232,Catherine,her,PRON,PER,114499,114499
232,Catherine,her,PRON,PER,114523,114523
232,Catherine,Catherine,PROP,PER,114617,114617
232,Catherine,I,PRON,PER,114626,114626
232,Catherine,I,PRON,PER,114681,114681
244,An,An,PROP,PER,114755,114755
232,Catherine,Catherine,PROP,PER,114856,114856
232,Catherine,her,PRON,PER,114863,114863
232,Catherine,her,PRON,PER,114872,114872
232,Catherine,her,PRON,PER,114880,114880
284,Shasha,Shasha,PROP,PER,115080,115080
284,Shasha,her,PRON,PER,115099,115099
232,Catherine,Catherine,PROP,PER,115135,115135
232,Catherine,Catherine,PROP,PER,115144,115144
232,Catherine,you,PRON,PER,115171,115171
232,Catherine,she,PRON,PER,115190,115190
232,Catherine,she,PRON,PER,115194,115194
232,Catherine,she,PRON,PER,115209,115209
232,Catherine,she,PRON,PER,115219,115219
284,Shasha,Shasha,PROP,PER,115237,115237
284,Shasha,Shasha,PROP,PER,115274,115274
284,Shasha,You,PRON,PER,115309,115309
284,Shasha,Shasha,PROP,PER,115314,115314
232,Catherine,her,PRON,PER,115324,115324
284,Shasha,Shasha,PROP,PER,115327,115327
284,Shasha,I,PRON,PER,115331,115331
284,Shasha,my,PRON,PER,115336,115336
232,Catherine,Catherine,PROP,PER,115388,115388
232,Catherine,You,PRON,PER,115394,115394
232,Catherine,her,PRON,PER,115415,115415
232,Catherine,she,PRON,PER,115438,115438
232,Catherine,herself,PRON,PER,115442,115442
232,Catherine,she,PRON,PER,115488,115488
232,Catherine,she,PRON,PER,115529,115529
232,Catherine,her,PRON,PER,115534,115534
5073,A bunny girl,A bunny girl,NOM,PER,115571,115573
5073,A bunny girl,she,PRON,PER,115583,115583
5073,A bunny girl,She,PRON,PER,115593,115593
5073,A bunny girl,her,PRON,PER,115607,115607
232,Catherine,Catherine,PROP,PER,115704,115704
232,Catherine,you,PRON,PER,115709,115709
232,Catherine,your,PRON,PER,115734,115734
232,Catherine,Catherine,PROP,PER,115767,115767
232,Catherine,her,PRON,PER,115802,115802
232,Catherine,She,PRON,PER,115816,115816
232,Catherine,her,PRON,PER,115965,115965
232,Catherine,you,PRON,PER,116002,116002
904,his mother,his mother,NOM,PER,116339,116340
244,An,An,PROP,PER,116535,116535
244,An,her,PRON,PER,116564,116564
244,An,An,PROP,PER,117571,117571
284,Shasha,Shasha,PROP,PER,117942,117942
284,Shasha,her,PRON,PER,117947,117947
232,Catherine,Catherine,PROP,PER,117984,117984
232,Catherine,her,PRON,PER,117992,117992
232,Catherine,I,PRON,PER,117996,117996
232,Catherine,she,PRON,PER,118025,118025
232,Catherine,she,PRON,PER,118060,118060
284,Shasha,Shasha,PROP,PER,118118,118118
284,Shasha,her,PRON,PER,118126,118126
5193,his ex - Bud - girl wife,his ex - Bud - girl wife,NOM,PER,119110,119116
232,Catherine,Catherine,PROP,PER,119196,119196
5193,his ex - Bud - girl wife,her,PRON,PER,119222,119222
5193,his ex - Bud - girl wife,her,PRON,PER,119249,119249
5193,his ex - Bud - girl wife,She,PRON,PER,119255,119255
5193,his ex - Bud - girl wife,she,PRON,PER,119265,119265
465,a young girl,A young girl,NOM,PER,119357,119359
465,a young girl,her,PRON,PER,119370,119370
465,a young girl,Her,PRON,PER,119422,119422
465,a young girl,she,PRON,PER,119465,119465
465,a young girl,her,PRON,PER,119513,119513
465,a young girl,her,PRON,PER,119526,119526
465,a young girl,her,PRON,PER,119537,119537
465,a young girl,She,PRON,PER,119555,119555
465,a young girl,her,PRON,PER,119576,119576
979,a woman,a woman,NOM,PER,119620,119621
465,a young girl,her,PRON,PER,119648,119648
904,his mother,his mother,NOM,PER,120289,120290
232,Catherine,Catherine,PROP,PER,120478,120478
232,Catherine,her,PRON,PER,120507,120507
677,the waitress,The waitress,NOM,PER,120625,120626
5273,Character_5273,her,PRON,PER,120888,120888
5273,Character_5273,her,PRON,PER,121020,121020
465,a young girl,a young girl,NOM,PER,121049,121051
465,a young girl,her,PRON,PER,121057,121057
465,a young girl,her,PRON,PER,121239,121239
465,a young girl,her,PRON,PER,121267,121267
465,a young girl,Her,PRON,PER,121278,121278
465,a young girl,her,PRON,PER,121352,121352
465,a young girl,she,PRON,PER,121390,121390
465,a young girl,her,PRON,PER,121394,121394
465,a young girl,her,PRON,PER,121398,121398
465,a young girl,I,PRON,PER,121416,121416
465,a young girl,I,PRON,PER,121426,121426
465,a young girl,my,PRON,PER,121437,121437
256,Li Bai,Li Bai,PROP,PER,121466,121467
5287,Character_5287,her,PRON,PER,121700,121700
5287,Character_5287,She,PRON,PER,121717,121717
5287,Character_5287,her,PRON,PER,121735,121735
5287,Character_5287,her,PRON,PER,121748,121748
5287,Character_5287,her,PRON,PER,121760,121760
5287,Character_5287,She,PRON,PER,121776,121776
5287,Character_5287,her,PRON,PER,121785,121785
5287,Character_5287,She,PRON,PER,121812,121812
5287,Character_5287,she,PRON,PER,121828,121828
5287,Character_5287,herself,PRON,PER,121834,121834
5287,Character_5287,she,PRON,PER,121839,121839
5287,Character_5287,her,PRON,PER,121844,121844
5287,Character_5287,her,PRON,PER,121860,121860
5287,Character_5287,her,PRON,PER,121879,121879
5287,Character_5287,her,PRON,PER,121888,121888
5287,Character_5287,herself,PRON,PER,121890,121890
5287,Character_5287,her,PRON,PER,121934,121934
5287,Character_5287,her,PRON,PER,122018,122018
5287,Character_5287,She,PRON,PER,122046,122046
5287,Character_5287,She,PRON,PER,122062,122062
5287,Character_5287,she,PRON,PER,122075,122075
677,the waitress,The waitress,NOM,PER,122106,122107
5287,Character_5287,her,PRON,PER,122130,122130
5287,Character_5287,her,PRON,PER,122155,122155
5287,Character_5287,she,PRON,PER,122205,122205
5287,Character_5287,she,PRON,PER,122228,122228
5287,Character_5287,She,PRON,PER,122236,122236
5287,Character_5287,she,PRON,PER,122256,122256
5287,Character_5287,her,PRON,PER,122274,122274
5287,Character_5287,her,PRON,PER,122279,122279
5287,Character_5287,She,PRON,PER,122289,122289
5287,Character_5287,her,PRON,PER,122292,122292
5287,Character_5287,her,PRON,PER,122317,122317
5287,Character_5287,she,PRON,PER,122338,122338
5287,Character_5287,her,PRON,PER,122362,122362
5287,Character_5287,she,PRON,PER,122371,122371
232,Catherine,Catherine,PROP,PER,122568,122568
219,Peiqin,Peiqin,PROP,PER,122847,122847
219,Peiqin,She,PRON,PER,122868,122868
244,An,An,PROP,PER,123506,123506
219,Peiqin,Peiqin,PROP,PER,123910,123910
232,Catherine,Catherine,PROP,PER,123921,123921
5362,Character_5362,her,PRON,PER,124008,124008
5362,Character_5362,her,PRON,PER,124029,124029
5362,Character_5362,She,PRON,PER,124033,124033
5362,Character_5362,She,PRON,PER,124048,124048
313,Su Dongpo,Su Dongpo,PROP,PER,124066,124067
