book,name,char_id,author
A Case of Two Cities,An Jiayi,243,QIU XIAOLONG
A Case of Two Cities,An Jiayi,244,QIU XIAOLONG
A Case of Two Cities,An Jiayi,37,QIU XIAOLONG
A Case of Two Cities,An Jiayi,80,QIU XIAOLONG
A Case of Two Cities,Peiqin,219,QIU XIAOLONG
A Case of Two Cities,Peiqin,30,QIU XIAOLONG
A Case of Two Cities,Peiqin,40,QIU XIAOLONG
A Case of Two Cities,Peiqin,1,QIU XIAOLONG
A Case of Two Cities,Peiqin,2,QIU XIAOLONG
A Case of Two Cities,Catherine Rohn,232,QIU XIAOLONG
A Case of Two Cities,Catherine Rohn,30,QIU XIAOLONG
A Case of Two Cities,White Cloud,247,QIU XIAOLONG
A Case of Two Cities,White Cloud,20,QIU XIAOLONG
A Loyal Character Dancer,Wen Liping,190,QIU XIAOLONG
A Loyal Character Dancer,Wen Liping,36,QIU XIAOLONG
A Loyal Character Dancer,Wen Liping,38,QIU XIAOLONG
A Loyal Character Dancer,Wen Liping,70,QIU XIAOLONG
A Loyal Character Dancer,Catherine Rohn,189,QIU XIAOLONG
All the Flowers in Shanghai,Yan,62,DUNCAN JEPSON
All the Flowers in Shanghai,Sister,40,DUNCAN JEPSON
All the Flowers in Shanghai,Sang Feng Feng (narrator),0,DUNCAN JEPSON
All the Flowers in Shanghai,Sang Feng Feng (narrator),39,DUNCAN JEPSON
All the Flowers in Shanghai,Sang Feng Feng (narrator),43,DUNCAN JEPSON
All the Flowers in Shanghai,Sang Feng Feng (narrator),1276,DUNCAN JEPSON
All the Flowers in Shanghai,Sang Feng Feng (narrator),25,DUNCAN JEPSON
All the Flowers in Shanghai,Yu,99,DUNCAN JEPSON
All the Flowers in Shanghai,Yu,19,DUNCAN JEPSON
All the Flowers in Shanghai,Madam Zhang,104,DUNCAN JEPSON
All the Flowers in Shanghai,Madam Zhang,119,DUNCAN JEPSON
All the Flowers in Shanghai,Madam Zhang,762,DUNCAN JEPSON
All the Flowers in Shanghai,Madam Zhang,23,DUNCAN JEPSON
All the Flowers in Shanghai,Ma,42,DUNCAN JEPSON
All the Flowers in Shanghai,Ma,4,DUNCAN JEPSON
All the Flowers in Shanghai,Ma,11,DUNCAN JEPSON
All the Flowers in Shanghai,Ming,75,DUNCAN JEPSON
Becoming Madame Mao,Yunhe / Lan Ping / Nora,0,ANCHEE MIN
Becoming Madame Mao,Yunhe / Lan Ping / Nora,224,ANCHEE MIN
Becoming Madame Mao,Yunhe / Lan Ping / Nora,237,ANCHEE MIN
Becoming Madame Mao,Yunhe / Lan Ping / Nora,262,ANCHEE MIN
Becoming Madame Mao,Yunhe / Lan Ping / Nora,288,ANCHEE MIN
Becoming Madame Mao,Yunhe / Lan Ping / Nora,4,ANCHEE MIN
Becoming Madame Mao,Yunhe / Lan Ping / Nora,77,ANCHEE MIN
Blue Hunger,Xu,73,Viola Di Grado
Blue Hunger,Xu,6,Viola Di Grado
Blue Hunger,Xu,7,Viola Di Grado
Blue Hunger,"narrator, Ruben",0,Viola Di Grado
Blue Hunger,"narrator, Ruben",76,Viola Di Grado
Blue Hunger,"narrator, Ruben",5,Viola Di Grado
Death of a Red Heroine,Guan Hongying,332,QIU XIAOLONG
Death of a Red Heroine,Guan Hongying,425,QIU XIAOLONG
Death of a Red Heroine,Guan Hongying,15,QIU XIAOLONG
Death of a Red Heroine,Wang Feng,285,QIU XIAOLONG
Death of a Red Heroine,Peiqin,342,QIU XIAOLONG
Death of a Red Heroine,Peiqin,330,QIU XIAOLONG
Death of a Red Heroine,Peiqin,11,QIU XIAOLONG
Don't Cry Tai Lake,Mrs. Liu,117,QIU XIAOLONG
Don't Cry Tai Lake,Mrs. Liu,3,QIU XIAOLONG
Don't Cry Tai Lake,Mrs. Liu,7,QIU XIAOLONG
Don't Cry Tai Lake,Peiqin,102,QIU XIAOLONG
Dragon Springs Road,Zhu Jialing (narrator),0,JANIE CHANG
Dragon Springs Road,Zhu Jialing (narrator),145,JANIE CHANG
Dragon Springs Road,Zhu Jialing (narrator),139,JANIE CHANG
Dragon Springs Road,Zhu Jialing (narrator),157,JANIE CHANG
Dragon Springs Road,Zhu Jialing (narrator),147,JANIE CHANG
Dragon Springs Road,Zhu Jialing (narrator),306,JANIE CHANG
Dragon Springs Road,Zhu Jialing (narrator),1908,JANIE CHANG
Dragon Springs Road,Zhu Jialing (narrator),7,JANIE CHANG
Dragon Springs Road,Zhu Jialing (narrator),1920,JANIE CHANG
Dragon Springs Road,Zhu Jialing (narrator),19,JANIE CHANG
Dragon Springs Road,Fox,138,JANIE CHANG
Dragon Springs Road,Yang Anjuin,144,JANIE CHANG
Dragon Springs Road,Yang Anjuin,6084,JANIE CHANG
Dragon Springs Road,Yang Anjuin,13,JANIE CHANG
Dragon Springs Road,Yang Anjuin,25,JANIE CHANG
Dragon Springs Road,Grandmother Yang,143,JANIE CHANG
Dragon Springs Road,Ping Mei,266,JANIE CHANG
Dragon Springs Road,Anna Shea,176,JANIE CHANG
Dragon Springs Road,Anna Shea,8,JANIE CHANG
Dragon Springs Road,Anna Shea,1909,JANIE CHANG
Dragon Springs Road,Anna Shea,9,JANIE CHANG
Dragon Springs Road,Miss Morris,189,JANIE CHANG
Dragon Springs Road,Mrs. Hao,152,JANIE CHANG
Dragon Springs Road,Leah,198,JANIE CHANG
Dragon Springs Road,Leah,11,JANIE CHANG
Dragon Springs Road,Leah,20,JANIE CHANG
Dreams of Joy,Joy Louie (narrator),206,LISA SEE
Dreams of Joy,Joy Louie (narrator),372,LISA SEE
Dreams of Joy,Joy Louie (narrator),188,LISA SEE
Dreams of Joy,Joy Louie (narrator),383,LISA SEE
Dreams of Joy,Joy Louie (narrator),1957,LISA SEE
Dreams of Joy,Joy Louie (narrator),8,LISA SEE
Dreams of Joy,Joy Louie (narrator),19,LISA SEE
Dreams of Joy,Joy Louie (narrator),1960,LISA SEE
Dreams of Joy,Joy Louie (narrator),22,LISA SEE
Dreams of Joy,May,196,LISA SEE
Dreams of Joy,May,289,LISA SEE
Dreams of Joy,May,1957,LISA SEE
Dreams of Joy,May,38,LISA SEE
Dreams of Joy,May,41,LISA SEE
Dreams of Joy,May,1960,LISA SEE
Dreams of Joy,May,1958,LISA SEE
Dreams of Joy,Pearl Chin (narrator),190,LISA SEE
Dreams of Joy,Pearl Chin (narrator),194,LISA SEE
Dreams of Joy,Pearl Chin (narrator),308,LISA SEE
Dreams of Joy,Pearl Chin (narrator),342,LISA SEE
Dreams of Joy,Pearl Chin (narrator),3,LISA SEE
Dreams of Joy,Pearl Chin (narrator),1949,LISA SEE
Dreams of Joy,Pearl Chin (narrator),1957,LISA SEE
Dreams of Joy,Pearl Chin (narrator),41,LISA SEE
Dreams of Joy,Pearl Chin (narrator),44,LISA SEE
Dreams of Joy,Pearl Chin (narrator),1960,LISA SEE
Dreams of Joy,Auntie Hu,302,LISA SEE
Dreams of Joy,Auntie Hu,299,LISA SEE
Dreams of Joy,Auntie Hu,60,LISA SEE
Dreams of Joy,Auntie Hu,1937,LISA SEE
Empire of the Sun,Mrs. Ballard,534,J.G. Ballard
Empire of the Sun,Mrs. Ballard,30,J.G. Ballard
Empire of the Sun,Mrs. Ballard,40,J.G. Ballard
Empire of the Sun,Mrs. Vincent,382,J.G. Ballard
Empire of the Sun,Mrs. Vincent,30,J.G. Ballard
Enigma of China,Lianping,169,Qiu Xiaolong
Enigma of China,Lianping,458,Qiu Xiaolong
Enigma of China,Lianping,20,Qiu Xiaolong
Enigma of China,Lianping,95,Qiu Xiaolong
Enigma of China,Peiqin,188,Qiu Xiaolong
Enigma of China,Peiqin,40,Qiu Xiaolong
Enigma of China,Peiqin,95,Qiu Xiaolong
Five Star Billionaire,Phoebe Chen Aiping,258,TASH AW
Five Star Billionaire,Phoebe Chen Aiping,396,TASH AW
Five Star Billionaire,Phoebe Chen Aiping,22,TASH AW
Five Star Billionaire,Phoebe Chen Aiping,23,TASH AW
Five Star Billionaire,Leong Yinghui,305,TASH AW
Five Star Billionaire,Yanyan,322,TASH AW
Five Star Billionaire,Zhou X,281,TASH AW
Half a Lifelong Romance,Gu Manzhen,171,Eileen Chang
Half a Lifelong Romance,Gu Manzhen,240,Eileen Chang
Half a Lifelong Romance,Gu Manzhen,113,Eileen Chang
Half a Lifelong Romance,Gu Manzhen,657,Eileen Chang
Half a Lifelong Romance,Gu Manlu,94,Eileen Chang
Half a Lifelong Romance,Gu Manlu,96,Eileen Chang
Half a Lifelong Romance,Shi Tsuizhi,129,Eileen Chang
Half a Lifelong Romance,Shi Tsuizhi,137,Eileen Chang
Half a Lifelong Romance,Mrs. Gu,103,Eileen Chang
Half a Lifelong Romance,Mrs. Gu,97,Eileen Chang
Half a Lifelong Romance,Granny,102,Eileen Chang
Half a Lifelong Romance,Granny,127,Eileen Chang
Half a Lifelong Romance,Mrs. Shen,125,Eileen Chang
Half a Lifelong Romance,Mrs. Shen,380,Eileen Chang
Half a Lifelong Romance,Ah Bao,98,Eileen Chang
Half a Lifelong Romance,Mrs. Hsu,120,Eileen Chang
Half a Lifelong Romance,Mrs. Hsu,490,Eileen Chang
My Favourite Wife,Becca Holden,264,Tony Parsons
My Favourite Wife,Becca Holden,269,Tony Parsons
My Favourite Wife,Becca Holden,273,Tony Parsons
My Favourite Wife,Holly Holden,262,Tony Parsons
My Favourite Wife,Holly Holden,4635,Tony Parsons
My Favourite Wife,Holly Holden,1296,Tony Parsons
My Favourite Wife,Holly Holden,5980,Tony Parsons
My Favourite Wife,Tess Devlin,321,Tony Parsons
My Favourite Wife,Tess Devlin,322,Tony Parsons
My Favourite Wife,JinJin Li,406,Tony Parsons
My Favourite Wife,JinJin Li,405,Tony Parsons
My Favourite Wife,Nancy Deng,304,Tony Parsons
My Favourite Wife,Nancy Deng,431,Tony Parsons
My Favourite Wife,Rosalita,371,Tony Parsons
My Favourite Wife,Alice Greene,333,Tony Parsons
Night in Shanghai,Song Yuhua,296,NICOLE MONES
Night in Shanghai,Song Yuhua,480,NICOLE MONES
Night in Shanghai,Song Yuhua,475,NICOLE MONES
Night in Shanghai,Song Yuhua,474,NICOLE MONES
Night in Shanghai,Song Yuhua,363,NICOLE MONES
Night in Shanghai,Song Yuhua,1936,NICOLE MONES
Night in Shanghai,Anya Petrova,413,NICOLE MONES
Peach Blossom Pavilion,Xiang Xiang (narrator),0,MINGMEI YIP
Peach Blossom Pavilion,Xiang Xiang (narrator),121,MINGMEI YIP
Peach Blossom Pavilion,Xiang Xiang (narrator),146,MINGMEI YIP
Peach Blossom Pavilion,Xiang Xiang (narrator),215,MINGMEI YIP
Peach Blossom Pavilion,Xiang Xiang (narrator),1821,MINGMEI YIP
Peach Blossom Pavilion,Xiang Xiang (narrator),13,MINGMEI YIP
Peach Blossom Pavilion,Xiang Xiang (narrator),98,MINGMEI YIP
Peach Blossom Pavilion,Pearl,147,MINGMEI YIP
Peach Blossom Pavilion,Pearl,256,MINGMEI YIP
Peach Blossom Pavilion,Pearl,225,MINGMEI YIP
Peach Blossom Pavilion,Pearl,374,MINGMEI YIP
Peach Blossom Pavilion,Pearl,196,MINGMEI YIP
Peach Blossom Pavilion,Pearl,143,MINGMEI YIP
Peach Blossom Pavilion,Pearl,142,MINGMEI YIP
Peach Blossom Pavilion,Mother,119,MINGMEI YIP
Peach Blossom Pavilion,Mother,2145,MINGMEI YIP
Peach Blossom Pavilion,Mother,4124,MINGMEI YIP
Peach Blossom Pavilion,Fang Rong,123,MINGMEI YIP
Peach Blossom Pavilion,Fang Rong,193,MINGMEI YIP
Peach Blossom Pavilion,Spring Moon,161,MINGMEI YIP
Peach Blossom Pavilion,Aunty Ah Ping,134,MINGMEI YIP
Rabbit Moon,Lindsey Litvak,200,JENNIFER HAIGH
Rabbit Moon,Lindsey Litvak,225,JENNIFER HAIGH
Rabbit Moon,Lindsey Litvak,344,JENNIFER HAIGH
Rabbit Moon,Lindsey Litvak,351,JENNIFER HAIGH
Rabbit Moon,Lindsey Litvak,2016,JENNIFER HAIGH
Rabbit Moon,Lindsey Litvak,183,JENNIFER HAIGH
Rabbit Moon,Claire Litvak,216,JENNIFER HAIGH
Rabbit Moon,Claire Litvak,258,JENNIFER HAIGH
Rabbit Moon,Claire Litvak,2066,JENNIFER HAIGH
Rabbit Moon,Mei,340,JENNIFER HAIGH
Rabbit Moon,Mei,3405,JENNIFER HAIGH
Rabbit Moon,Grace Litvak (narrator),0,JENNIFER HAIGH
Rabbit Moon,Grace Litvak (narrator),199,JENNIFER HAIGH
Red Mandarin Dress,Peiqin,194,Qiu Xiaolong
Red Mandarin Dress,Jasmine / Tian Mo,177,Qiu Xiaolong
Red Mandarin Dress,Jasmine / Tian Mo,175,Qiu Xiaolong
Red Mandarin Dress,White Cloud,197,Qiu Xiaolong
Red Mandarin Dress,Mei,334,Qiu Xiaolong
Shanghai,Leah Auerbach,227,Marcus Carra、Phil Bravery
Shanghai,Leah Auerbach,490,Marcus Carra、Phil Bravery
Shanghai,Leah Auerbach,300,Marcus Carra、Phil Bravery
Shanghai,Florence Burke,245,Marcus Carra、Phil Bravery
Shanghai,Irina,304,Marcus Carra、Phil Bravery
Shanghai Girls,Pearl Chin (narrator),0,LISA SEE
Shanghai Girls,Pearl Chin (narrator),278,LISA SEE
Shanghai Girls,Pearl Chin (narrator),312,LISA SEE
Shanghai Girls,Pearl Chin (narrator),449,LISA SEE
Shanghai Girls,Pearl Chin (narrator),21,LISA SEE
Shanghai Girls,Pearl Chin (narrator),1937,LISA SEE
Shanghai Girls,Pearl Chin (narrator),30,LISA SEE
Shanghai Girls,May Chin,276,LISA SEE
Shanghai Girls,May Chin,800,LISA SEE
Shanghai Girls,May Chin,18,LISA SEE
Shanghai Girls,May Chin,1937,LISA SEE
Shanghai Girls,May Chin,14,LISA SEE
Shanghai Girls,Mama Chin (Madame Chin),271,LISA SEE
Shanghai Girls,Mama Chin (Madame Chin),517,LISA SEE
Shanghai Girls,Mama Chin (Madame Chin),38,LISA SEE
Shanghai Girls,Mama Chin (Madame Chin),1937,LISA SEE
Shanghai Girls,Betsy Howell,371,LISA SEE
Shanghai Girls,Betsy Howell,4936,LISA SEE
Shanghai Girls,Betsy Howell,20,LISA SEE
Shanghai Girls,Betsy Howell,40,LISA SEE
Shanghai Immortal,Lady Gi (Gigi),283,A.Y. CHAO
Shanghai Immortal,Lady Gi (Gigi),166,A.Y. CHAO
Shanghai Immortal,Lady Gi (Gigi),3284,A.Y. CHAO
Shanghai Immortal,"Lady Jing (Jing, Hu Xian Jing，narrator)",0,A.Y. CHAO
Shanghai Immortal,"Lady Jing (Jing, Hu Xian Jing，narrator)",110,A.Y. CHAO
Shanghai Immortal,"Lady Jing (Jing, Hu Xian Jing，narrator)",133,A.Y. CHAO
Shanghai Immortal,"Lady Jing (Jing, Hu Xian Jing，narrator)",143,A.Y. CHAO
Shanghai Immortal,"Lady Jing (Jing, Hu Xian Jing，narrator)",1937,A.Y. CHAO
Shanghai Immortal,"Lady Jing (Jing, Hu Xian Jing，narrator)",99,A.Y. CHAO
Shanghai Immortal,"Lady Jing (Jing, Hu Xian Jing，narrator)",100,A.Y. CHAO
Shanghai Redemption,Peiqin,234,QIU XIAOLONG
Shanghai Redemption,Qian,186,QIU XIAOLONG
Shanghai Redemption,White Cloud (Bai),192,QIU XIAOLONG
Shanghailanders,Eko Yang,149,Marcus Carra、Phil Bravery
Shanghailanders,Eko Yang,177,Marcus Carra、Phil Bravery
Shanghailanders,Eko Yang,181,Marcus Carra、Phil Bravery
Shanghailanders,Eko Yang,296,Marcus Carra、Phil Bravery
Shanghailanders,Eko Yang,2014,Marcus Carra、Phil Bravery
Shanghailanders,Eko Yang,26,Marcus Carra、Phil Bravery
Shanghailanders,Eko Yang,2040,Marcus Carra、Phil Bravery
Shanghailanders,Eko Yang,52,Marcus Carra、Phil Bravery
Shanghailanders,Yumi Yang,146,Marcus Carra、Phil Bravery
Shanghailanders,Yumi Yang,319,Marcus Carra、Phil Bravery
Shanghailanders,Yumi Yang,2028,Marcus Carra、Phil Bravery
Shanghailanders,Yumi Yang,10,Marcus Carra、Phil Bravery
Shanghailanders,Yumi Yang,2040,Marcus Carra、Phil Bravery
Shanghailanders,Yumi Yang,22,Marcus Carra、Phil Bravery
Shanghailanders,Yoko Yang,145,Marcus Carra、Phil Bravery
Shanghailanders,Yoko Yang,612,Marcus Carra、Phil Bravery
Shanghailanders,Yoko Yang,2028,Marcus Carra、Phil Bravery
Shanghailanders,Yoko Yang,8,Marcus Carra、Phil Bravery
Shanghailanders,Yoko Yang,2040,Marcus Carra、Phil Bravery
Shanghailanders,Yoko Yang,20,Marcus Carra、Phil Bravery
Shanghailanders,Yoko Yang,14,Marcus Carra、Phil Bravery
Shanghailanders,Kiko Yang,212,Marcus Carra、Phil Bravery
Shanghailanders,Kiko Yang,257,Marcus Carra、Phil Bravery
Shanghailanders,Kiko Yang,235,Marcus Carra、Phil Bravery
Shanghailanders,Kiko Yang,332,Marcus Carra、Phil Bravery
Shanghailanders,Kiko Yang,2028,Marcus Carra、Phil Bravery
Shanghailanders,Kiko Yang,5,Marcus Carra、Phil Bravery
Shanghailanders,Kiko Yang,2040,Marcus Carra、Phil Bravery
Shanghailanders,Kiko Yang,17,Marcus Carra、Phil Bravery
Shanghailanders,"Doroteia ""Teia""",345,Marcus Carra、Phil Bravery
Shanghailanders,"Doroteia ""Teia""",2894,Marcus Carra、Phil Bravery
Shanghailanders,"Doroteia ""Teia""",655,Marcus Carra、Phil Bravery
Shanghailanders,"Doroteia ""Teia""",674,Marcus Carra、Phil Bravery
Shanghailanders,"Doroteia ""Teia""",2020,Marcus Carra、Phil Bravery
Shanghailanders,"Doroteia ""Teia""",2,Marcus Carra、Phil Bravery
Shanghailanders,"Doroteia ""Teia""",14,Marcus Carra、Phil Bravery
Shanghailanders,"Doroteia ""Teia""",7,Marcus Carra、Phil Bravery
Sour Heart,Mande (narrator),0,JENNY ZHANG
Sour Heart,Mande (narrator),187,JENNY ZHANG
Sour Heart,Mande (narrator),327,JENNY ZHANG
The Binding Chair,May (Chao-tsing / May-li Cohen),190,KATHRYN HARRISON
The Binding Chair,May (Chao-tsing / May-li Cohen),216,KATHRYN HARRISON
The Binding Chair,May (Chao-tsing / May-li Cohen),191,KATHRYN HARRISON
The Binding Chair,May (Chao-tsing / May-li Cohen),5,KATHRYN HARRISON
The Binding Chair,May (Chao-tsing / May-li Cohen),50,KATHRYN HARRISON
The Binding Chair,May (Chao-tsing / May-li Cohen),1927,KATHRYN HARRISON
The Binding Chair,Alice Benjamin,197,KATHRYN HARRISON
The Binding Chair,Alice Benjamin,305,KATHRYN HARRISON
The Binding Chair,Alice Benjamin,12,KATHRYN HARRISON
The Binding Chair,Alice Benjamin,25,KATHRYN HARRISON
The Binding Chair,Dolly Benjamin (nee Cohen),200,KATHRYN HARRISON
The Binding Chair,Dolly Benjamin (nee Cohen),388,KATHRYN HARRISON
The Binding Chair,Dolly Benjamin (nee Cohen),197,KATHRYN HARRISON
The Binding Chair,Dolly Benjamin (nee Cohen),199,KATHRYN HARRISON
The Binding Chair,Dolly Benjamin (nee Cohen),198,KATHRYN HARRISON
The Binding Chair,Dolly Benjamin (nee Cohen),4566,KATHRYN HARRISON
The Binding Chair,Eleanor Clusburtson,354,KATHRYN HARRISON
The Binding Chair,Eleanor Clusburtson,276,KATHRYN HARRISON
The Binding Chair,Eleanor Clusburtson,40,KATHRYN HARRISON
The Binding Chair,Agnes,502,KATHRYN HARRISON
The Binding Chair,Agnes,24,KATHRYN HARRISON
The Binding Chair,Agnes,1919,KATHRYN HARRISON
The Distant Land of My Father,Eve,422,BO CALDWELL
The Distant Land of My Father,Eve,421,BO CALDWELL
The Distant Land of My Father,Eve,1932,BO CALDWELL
The Distant Land of My Father,Eve,1946,BO CALDWELL
The Distant Land of My Father,Eve,1955,BO CALDWELL
The Distant Land of My Father,Eve,44,BO CALDWELL
The Distant Land of My Father,Anna Schoene (Anna / Anna Shoen Bradley),418,BO CALDWELL
The Distant Land of My Father,Anna Schoene (Anna / Anna Shoen Bradley),689,BO CALDWELL
The Distant Land of My Father,Anna Schoene (Anna / Anna Shoen Bradley),7,BO CALDWELL
The Distant Land of My Father,Anna Schoene (Anna / Anna Shoen Bradley),1938,BO CALDWELL
The Distant Land of My Father,Anna Schoene (Anna / Anna Shoen Bradley),15,BO CALDWELL
The Distant Land of My Father,Anna Schoene (Anna / Anna Shoen Bradley),6,BO CALDWELL
The Distant Land of My Father,Anna Schoene (Anna / Anna Shoen Bradley),1937,BO CALDWELL
The Distant Land of My Father,Anna Schoene (Anna / Anna Shoen Bradley),1961,BO CALDWELL
The Distant Land of My Father,Anna Schoene (Anna / Anna Shoen Bradley),30,BO CALDWELL
The Far Side of the Sky,Sunny Mah,336,DANIEL KALLA
The Far Side of the Sky,Sunny Mah,385,DANIEL KALLA
The Far Side of the Sky,Sunny Mah,24,DANIEL KALLA
The Far Side of the Sky,Sunny Mah,1938,DANIEL KALLA
The Far Side of the Sky,Sunny Mah,28,DANIEL KALLA
The Far Side of the Sky,Sunny Mah,1942,DANIEL KALLA
The Far Side of the Sky,Esther Adler,423,DANIEL KALLA
The Far Side of the Sky,Esther Adler,241,DANIEL KALLA
The Far Side of the Sky,Esther Adler,557,DANIEL KALLA
The Far Side of the Sky,Esther Adler,1938,DANIEL KALLA
The Far Side of the Sky,Esther Adler,32,DANIEL KALLA
The Far Side of the Sky,Esther Adler,36,DANIEL KALLA
The Far Side of the Sky,Esther Adler,1942,DANIEL KALLA
The Far Side of the Sky,Hannah Adler,242,DANIEL KALLA
The Far Side of the Sky,Hannah Adler,252,DANIEL KALLA
The Far Side of the Sky,Hannah Adler,1284,DANIEL KALLA
The Far Side of the Sky,Hannah Adler,8,DANIEL KALLA
The Far Side of the Sky,Hannah Adler,1938,DANIEL KALLA
The Far Side of the Sky,Hannah Adler,12,DANIEL KALLA
The Far Side of the Sky,Hannah Adler,1942,DANIEL KALLA
The Far Side of the Sky,Jia-Li (Ko Jia-Li),360,DANIEL KALLA
The Far Side of the Sky,Jia-Li (Ko Jia-Li),4017,DANIEL KALLA
The Far Side of the Sky,Jia-Li (Ko Jia-Li),24,DANIEL KALLA
The Far Side of the Sky,Jia-Li (Ko Jia-Li),1938,DANIEL KALLA
The Far Side of the Sky,Lotte Weczel,457,DANIEL KALLA
The Far Side of the Sky,Lotte Weczel,30,DANIEL KALLA
The Far Side of the Sky,Clara Reuben,455,DANIEL KALLA
The Far Side of the Sky,Clara Reuben,1880,DANIEL KALLA
The Far Side of the Sky,Clara Reuben,50,DANIEL KALLA
The Library of Legends,Lian,185,JANIE CHANG
The Library of Legends,Lian,19,JANIE CHANG
The Library of Legends,Sparrow,191,JANIE CHANG
The Library of Legends,Sparrow,226,JANIE CHANG
The Library of Legends,Sparrow,1723,JANIE CHANG
The Library of Legends,Sparrow,6344,JANIE CHANG
The Library of Legends,Mrs. Deng,337,JANIE CHANG
The Library of Legends,Miss Hu,243,JANIE CHANG
The Library of Legends,Miss Hu,1763,JANIE CHANG
The Library of Legends,Miss Hu,40,JANIE CHANG
The Mao Case,Qian,145,QIU XIAOLONG
The Mao Case,Jiao,146,QIU XIAOLONG
The Mao Case,Jiao,307,QIU XIAOLONG
The Mao Case,Peiqin,201,QIU XIAOLONG
The Map of Lost Memories,Irene Blum,409,KIM FAY
The Map of Lost Memories,Simone Merlin,221,KIM FAY
The Map of Lost Memories,Simone Merlin,357,KIM FAY
The Map of Lost Memories,Anne Howard,224,KIM FAY
The Master of Rain,Natasha Medvedev,220,TOM BRADBY
The Master of Rain,Natasha Medvedev,219,TOM BRADBY
The Master of Rain,Natasha Medvedev,410,TOM BRADBY
The Master of Rain,Natasha Medvedev,1922,TOM BRADBY
The Master of Rain,Natasha Medvedev,1926,TOM BRADBY
The Master of Rain,Lena Orlov,211,TOM BRADBY
The Master of Rain,Lena Orlov,218,TOM BRADBY
The Master of Rain,Penelope Donaldson,265,TOM BRADBY
The Master of Rain,Irina Ignatiev,363,TOM BRADBY
The Master of Rain,Irina Ignatiev,1899,TOM BRADBY
The Master of Rain,Irina Ignatiev,1926,TOM BRADBY
The Master of Rain,Irina Ignatiev,27,TOM BRADBY
The Painter from Shanghai,Pan Yuliang (born Xiuqing),372,JENNIFER CODY EPSTEIN
The Painter from Shanghai,Pan Yuliang (born Xiuqing),213,JENNIFER CODY EPSTEIN
The Painter from Shanghai,Pan Yuliang (born Xiuqing),1149,JENNIFER CODY EPSTEIN
The Painter from Shanghai,Pan Yuliang (born Xiuqing),247,JENNIFER CODY EPSTEIN
The Painter from Shanghai,Pan Yuliang (born Xiuqing),260,JENNIFER CODY EPSTEIN
The Painter from Shanghai,Pan Yuliang (born Xiuqing),4334,JENNIFER CODY EPSTEIN
The Painter from Shanghai,Pan Yuliang (born Xiuqing),477,JENNIFER CODY EPSTEIN
The Painter from Shanghai,Pan Yuliang (born Xiuqing),1913,JENNIFER CODY EPSTEIN
The Painter from Shanghai,Pan Yuliang (born Xiuqing),1957,JENNIFER CODY EPSTEIN
The Painter from Shanghai,Pan Yuliang (born Xiuqing),1937,JENNIFER CODY EPSTEIN
The Painter from Shanghai,Jinling,265,JENNIFER CODY EPSTEIN
The Painter from Shanghai,Jinling,1913,JENNIFER CODY EPSTEIN
The Painter from Shanghai,Jinling,14,JENNIFER CODY EPSTEIN
The Painter from Shanghai,Jinling,22,JENNIFER CODY EPSTEIN
The Painter from Shanghai,Jinling,24,JENNIFER CODY EPSTEIN
The Painter from Shanghai,Jinling,1916,JENNIFER CODY EPSTEIN
The Painter from Shanghai,Jinling,25,JENNIFER CODY EPSTEIN
The Painter from Shanghai,Jinling,27,JENNIFER CODY EPSTEIN
The Risk Agent,Grace Chu,338,Ridley Pearson
The Risk Agent,Grace Chu,257,Ridley Pearson
The Risk Agent,Grace Chu,308,Ridley Pearson
The Risk Agent,Amy Xue,392,Ridley Pearson
The Risk Agent,Amy Xue,452,Ridley Pearson
The Shanghai Factor,Mei,161,CHARLES McCARRY
The Shanghai Moon,Rosalie,339,S. J. ROZAN
The Shanghai Moon,Rosalie,412,S. J. ROZAN
The Shanghai Moon,Rosalie,1938,S. J. ROZAN
The Shanghai Moon,Rosalie,1919,S. J. ROZAN
The Shanghai Moon,Rosalie,1920,S. J. ROZAN
The Shanghai Moon,Rosalie,18,S. J. ROZAN
The Shanghai Moon,Rosalie,1949,S. J. ROZAN
The Shanghai Moon,Rosalie,30,S. J. ROZAN
The Shanghai Moon,Rosalie,1942,S. J. ROZAN
The Shanghai Moon,Mei-lin,351,S. J. ROZAN
The Shanghai Moon,Mei-lin,1922,S. J. ROZAN
The Shanghai Moon,Mei-lin,5,S. J. ROZAN
The Shanghai Moon,Mei-lin,1938,S. J. ROZAN
The Shanghai Moon,Mei-lin,16,S. J. ROZAN
The Shanghai Moon,Mei-lin,1939,S. J. ROZAN
The Shanghai Moon,Mei-lin,17,S. J. ROZAN
The Shanghai Moon,Alice Fairchild / Helga Ulrich,238,S. J. ROZAN
The Shanghai Moon,Alice Fairchild / Helga Ulrich,588,S. J. ROZAN
The Shanghai Moon,Alice Fairchild / Helga Ulrich,1938,S. J. ROZAN
The Song of the Jade Lily,Romy,230,Kirsty MANNING
The Song of the Jade Lily,Romy,442,Kirsty MANNING
The Song of the Jade Lily,Romy,1938,Kirsty MANNING
The Song of the Jade Lily,Romy,1926,Kirsty MANNING
The Song of the Jade Lily,Romy,1927,Kirsty MANNING
The Song of the Jade Lily,Romy,12,Kirsty MANNING
The Song of the Jade Lily,Romy,1945,Kirsty MANNING
The Song of the Jade Lily,Romy,18,Kirsty MANNING
The Song of the Jade Lily,Romy,19,Kirsty MANNING
The Song of the Jade Lily,Romy,1947,Kirsty MANNING
The Song of the Jade Lily,Romy,21,Kirsty MANNING
The Song of the Jade Lily,Li Ho,475,Kirsty MANNING
The Song of the Jade Lily,Li Ho,228,Kirsty MANNING
The Song of the Jade Lily,Li Ho,1922,Kirsty MANNING
The Song of the Jade Lily,Li Ho,1945,Kirsty MANNING
The Song of the Jade Lily,Li Ho,23,Kirsty MANNING
The Song of the Jade Lily,Nina,262,Kirsty MANNING
The Song of the Jade Lily,Nina,322,Kirsty MANNING
The Song of the Jade Lily,Mutti,240,Kirsty MANNING
The Song of the Jade Lily,Mutti,251,Kirsty MANNING
The Song of the Jade Lily,Mutti,1945,Kirsty MANNING
The Song of the Jade Lily,Delma,458,Kirsty MANNING
The Song of the Jade Lily,Alexandra Laird,355,Kirsty MANNING
The Song of the Jade Lily,Alexandra Laird,545,Kirsty MANNING
The Song of the Jade Lily,Alexandra Laird,5060,Kirsty MANNING
The Song of the Jade Lily,Eva Schwartz,323,Kirsty MANNING
The Song of the Jade Lily,Eva Schwartz,2790,Kirsty MANNING
The Song of the Jade Lily,Eva Schwartz,537,Kirsty MANNING
The Song of the Jade Lily,Mei,390,Kirsty MANNING
The Valley of Amazement,Violet Minturn,220,AMY TAN
The Valley of Amazement,Violet Minturn,162,AMY TAN
The Valley of Amazement,Violet Minturn,168,AMY TAN
The Valley of Amazement,Violet Minturn,339,AMY TAN
The Valley of Amazement,Violet Minturn,7,AMY TAN
The Valley of Amazement,Violet Minturn,30,AMY TAN
The Valley of Amazement,Magic Gourd (Golden Dove),254,AMY TAN
The Valley of Amazement,Magic Gourd (Golden Dove),167,AMY TAN
The Valley of Amazement,Magic Gourd (Golden Dove),184,AMY TAN
The Valley of Amazement,Magic Gourd (Golden Dove),492,AMY TAN
The Valley of Amazement,Magic Gourd (Golden Dove),50,AMY TAN
The Valley of Amazement,Magic Gourd (Golden Dove),45,AMY TAN
The Valley of Amazement,Magic Gourd (Golden Dove),6,AMY TAN
The Valley of Amazement,Magic Gourd (Golden Dove),14,AMY TAN
The Valley of Amazement,Flora Ivory,354,AMY TAN
The Valley of Amazement,Flora Ivory,353,AMY TAN
The Valley of Amazement,Flora Ivory,503,AMY TAN
The Valley of Amazement,Flora Ivory,3,AMY TAN
The Valley of Amazement,Flora Ivory,20,AMY TAN
The Valley of Amazement,Pomelo (Luscious Peach),398,AMY TAN
The Valley of Amazement,Mother Ma,164,AMY TAN
The Valley of Amazement,Mother Ma,2393,AMY TAN
The Valley of Amazement,Madam Li,262,AMY TAN
The Valley of Amazement,Madam Li,283,AMY TAN
The Valley of Amazement,Madam Li,19,AMY TAN
The Valley of Amazement,Madam Li,40,AMY TAN
The Valley of Amazement,Misty Cloud,206,AMY TAN
The Valley of Amazement,Misty Cloud,8,AMY TAN
These Violent Delights,Juliette Cai,82,CHLOE GONG
These Violent Delights,Juliette Cai,88,CHLOE GONG
These Violent Delights,Juliette Cai,223,CHLOE GONG
These Violent Delights,Juliette Cai,418,CHLOE GONG
These Violent Delights,Juliette Cai,501,CHLOE GONG
These Violent Delights,Juliette Cai,19,CHLOE GONG
These Violent Delights,Juliette Cai,15,CHLOE GONG
These Violent Delights,Juliette Cai,38,CHLOE GONG
These Violent Delights,Kathleen Lang (Celia Lang),174,CHLOE GONG
These Violent Delights,Kathleen Lang (Celia Lang),173,CHLOE GONG
These Violent Delights,Kathleen Lang (Celia Lang),19,CHLOE GONG
These Violent Delights,Rosalind Lang,83,CHLOE GONG
These Violent Delights,Rosalind Lang,291,CHLOE GONG
These Violent Delights,Rosalind Lang,19,CHLOE GONG
These Violent Delights,Alisa Montagova,99,CHLOE GONG
These Violent Delights,Alisa Montagova,12,CHLOE GONG
These Violent Delights,Madame,158,CHLOE GONG
These Violent Delights,Madame,10,CHLOE GONG
What We Were Promised,Taitai,207,LUCY TAN
What We Were Promised,Taitai,142,LUCY TAN
What We Were Promised,Taitai,43,LUCY TAN
What We Were Promised,Taitai,1988,LUCY TAN
What We Were Promised,Taitai,21,LUCY TAN
What We Were Promised,Taitai,2010,LUCY TAN
What We Were Promised,Sunny (Tong Sunny),143,LUCY TAN
What We Were Promised,Sunny (Tong Sunny),34,LUCY TAN
What We Were Promised,Sunny (Tong Sunny),35,LUCY TAN
What We Were Promised,Sunny (Tong Sunny),5000,LUCY TAN
What We Were Promised,Rose,144,LUCY TAN
What We Were Promised,Karen Zhen,172,LUCY TAN
What We Were Promised,Karen Zhen,12,LUCY TAN
When Red Is Black,Peiqin,117,QIU XIAOLONG
When Red Is Black,Peiqin,40,QIU XIAOLONG
When Red Is Black,Peiqin,1,QIU XIAOLONG
When Red Is Black,Peiqin,12,QIU XIAOLONG
